<?xml version="1.0" encoding="UTF-8"?>
<gpx creator="https://gpx.studio" version="1.1" xmlns="http://www.topografix.com/GPX/1/1" xmlns:xsi="http://www.w3.org/2001/XMLSchema-instance" xsi:schemaLocation="http://www.topografix.com/GPX/1/1 http://www.topografix.com/GPX/1/1/gpx.xsd http://www.garmin.com/xmlschemas/GpxExtensions/v3 http://www.garmin.com/xmlschemas/GpxExtensionsv3.xsd http://www.garmin.com/xmlschemas/TrackPointExtension/v1 http://www.garmin.com/xmlschemas/TrackPointExtensionv1.xsd http://www.garmin.com/xmlschemas/PowerExtension/v1 http://www.garmin.com/xmlschemas/PowerExtensionv1.xsd http://www.topografix.com/GPX/gpx_style/0/2 http://www.topografix.com/GPX/gpx_style/0/2/gpx_style.xsd" xmlns:gpxtpx="http://www.garmin.com/xmlschemas/TrackPointExtension/v1" xmlns:gpxx="http://www.garmin.com/xmlschemas/GpxExtensions/v3" xmlns:gpxpx="http://www.garmin.com/xmlschemas/PowerExtension/v1" xmlns:gpx_style="http://www.topografix.com/GPX/gpx_style/0/2">
  <metadata>
    <name>New file 1</name>
    <author>
      <name>gpx.studio</name>
      <link href="https://gpx.studio"/>
    </author>
  </metadata>
  <trk>
    <name>New file 1</name>
    <trkseg>
      <trkpt lat="50.898233" lon="-114.114626">
        <ele>1113.5</ele>
        <extensions>
          <gpxtpx:TrackPointExtension>
            <gpxtpx:Extensions>
              <reversedirection>yes</reversedirection>
              <highway>footway</highway>
              <footway>crossing</footway>
            </gpxtpx:Extensions>
          </gpxtpx:TrackPointExtension>
        </extensions>
      </trkpt>
      <trkpt lat="50.898239" lon="-114.114626">
        <ele>1113.5</ele>
        <extensions>
          <gpxtpx:TrackPointExtension>
            <gpxtpx:Extensions>
              <highway>path</highway>
              <surface>asphalt</surface>
              <foot>designated</foot>
              <bicycle>designated</bicycle>
              <segregated>no</segregated>
            </gpxtpx:Extensions>
          </gpxtpx:TrackPointExtension>
        </extensions>
      </trkpt>
      <trkpt lat="50.898283" lon="-114.114604">
        <ele>1113.5</ele>
        <extensions>
          <gpxtpx:TrackPointExtension>
            <gpxtpx:Extensions>
              <highway>path</highway>
              <surface>asphalt</surface>
              <foot>designated</foot>
              <bicycle>designated</bicycle>
              <segregated>no</segregated>
            </gpxtpx:Extensions>
          </gpxtpx:TrackPointExtension>
        </extensions>
      </trkpt>
      <trkpt lat="50.898317" lon="-114.114524">
        <ele>1113.25</ele>
        <extensions>
          <gpxtpx:TrackPointExtension>
            <gpxtpx:Extensions>
              <highway>path</highway>
              <surface>asphalt</surface>
              <foot>designated</foot>
              <bicycle>designated</bicycle>
              <segregated>no</segregated>
            </gpxtpx:Extensions>
          </gpxtpx:TrackPointExtension>
        </extensions>
      </trkpt>
      <trkpt lat="50.89832" lon="-114.114464">
        <ele>1113.25</ele>
        <extensions>
          <gpxtpx:TrackPointExtension>
            <gpxtpx:Extensions>
              <highway>path</highway>
              <surface>asphalt</surface>
              <foot>designated</foot>
              <bicycle>designated</bicycle>
              <segregated>no</segregated>
            </gpxtpx:Extensions>
          </gpxtpx:TrackPointExtension>
        </extensions>
      </trkpt>
      <trkpt lat="50.898313" lon="-114.11442">
        <ele>1113.25</ele>
        <extensions>
          <gpxtpx:TrackPointExtension>
            <gpxtpx:Extensions>
              <highway>path</highway>
              <surface>asphalt</surface>
              <foot>designated</foot>
              <bicycle>designated</bicycle>
              <segregated>no</segregated>
            </gpxtpx:Extensions>
          </gpxtpx:TrackPointExtension>
        </extensions>
      </trkpt>
      <trkpt lat="50.898275" lon="-114.114323">
        <ele>1113.25</ele>
        <extensions>
          <gpxtpx:TrackPointExtension>
            <gpxtpx:Extensions>
              <highway>path</highway>
              <surface>asphalt</surface>
              <foot>designated</foot>
              <bicycle>designated</bicycle>
              <segregated>no</segregated>
            </gpxtpx:Extensions>
          </gpxtpx:TrackPointExtension>
        </extensions>
      </trkpt>
      <trkpt lat="50.89833" lon="-114.114183">
        <ele>1113</ele>
        <extensions>
          <gpxtpx:TrackPointExtension>
            <gpxtpx:Extensions>
              <highway>path</highway>
              <surface>asphalt</surface>
              <foot>designated</foot>
              <bicycle>designated</bicycle>
              <segregated>no</segregated>
            </gpxtpx:Extensions>
          </gpxtpx:TrackPointExtension>
        </extensions>
      </trkpt>
      <trkpt lat="50.898371" lon="-114.114153">
        <ele>1113</ele>
        <extensions>
          <gpxtpx:TrackPointExtension>
            <gpxtpx:Extensions>
              <highway>path</highway>
              <surface>asphalt</surface>
              <foot>designated</foot>
              <bicycle>designated</bicycle>
              <segregated>no</segregated>
            </gpxtpx:Extensions>
          </gpxtpx:TrackPointExtension>
        </extensions>
      </trkpt>
      <trkpt lat="50.89841" lon="-114.114153">
        <ele>1113</ele>
        <extensions>
          <gpxtpx:TrackPointExtension>
            <gpxtpx:Extensions>
              <highway>path</highway>
              <surface>asphalt</surface>
              <foot>designated</foot>
              <bicycle>designated</bicycle>
              <segregated>no</segregated>
            </gpxtpx:Extensions>
          </gpxtpx:TrackPointExtension>
        </extensions>
      </trkpt>
      <trkpt lat="50.89856" lon="-114.114219">
        <ele>1113.25</ele>
        <extensions>
          <gpxtpx:TrackPointExtension>
            <gpxtpx:Extensions>
              <highway>path</highway>
              <surface>asphalt</surface>
              <foot>designated</foot>
              <bicycle>designated</bicycle>
              <segregated>no</segregated>
            </gpxtpx:Extensions>
          </gpxtpx:TrackPointExtension>
        </extensions>
      </trkpt>
      <trkpt lat="50.898687" lon="-114.114297">
        <ele>1113.5</ele>
        <extensions>
          <gpxtpx:TrackPointExtension>
            <gpxtpx:Extensions>
              <highway>path</highway>
              <surface>asphalt</surface>
              <foot>designated</foot>
              <bicycle>designated</bicycle>
              <segregated>no</segregated>
            </gpxtpx:Extensions>
          </gpxtpx:TrackPointExtension>
        </extensions>
      </trkpt>
      <trkpt lat="50.89872" lon="-114.114296">
        <ele>1113.5</ele>
        <extensions>
          <gpxtpx:TrackPointExtension>
            <gpxtpx:Extensions>
              <highway>path</highway>
              <surface>asphalt</surface>
              <foot>designated</foot>
              <bicycle>designated</bicycle>
              <segregated>no</segregated>
            </gpxtpx:Extensions>
          </gpxtpx:TrackPointExtension>
        </extensions>
      </trkpt>
      <trkpt lat="50.898829" lon="-114.114228">
        <ele>1113.5</ele>
        <extensions>
          <gpxtpx:TrackPointExtension>
            <gpxtpx:Extensions>
              <highway>path</highway>
              <surface>asphalt</surface>
              <foot>designated</foot>
              <bicycle>designated</bicycle>
              <segregated>no</segregated>
            </gpxtpx:Extensions>
          </gpxtpx:TrackPointExtension>
        </extensions>
      </trkpt>
      <trkpt lat="50.898877" lon="-114.11418">
        <ele>1113.5</ele>
        <extensions>
          <gpxtpx:TrackPointExtension>
            <gpxtpx:Extensions>
              <highway>path</highway>
              <surface>asphalt</surface>
              <foot>designated</foot>
              <bicycle>designated</bicycle>
              <segregated>no</segregated>
            </gpxtpx:Extensions>
          </gpxtpx:TrackPointExtension>
        </extensions>
      </trkpt>
      <trkpt lat="50.898934" lon="-114.114104">
        <ele>1113.5</ele>
        <extensions>
          <gpxtpx:TrackPointExtension>
            <gpxtpx:Extensions>
              <highway>footway</highway>
              <surface>asphalt</surface>
              <foot>yes</foot>
              <bicycle>dismount</bicycle>
              <footway>crossing</footway>
            </gpxtpx:Extensions>
          </gpxtpx:TrackPointExtension>
        </extensions>
      </trkpt>
      <trkpt lat="50.898995" lon="-114.114096">
        <ele>1113.5</ele>
        <extensions>
          <gpxtpx:TrackPointExtension>
            <gpxtpx:Extensions>
              <highway>footway</highway>
              <surface>asphalt</surface>
              <foot>yes</foot>
              <bicycle>dismount</bicycle>
              <footway>crossing</footway>
            </gpxtpx:Extensions>
          </gpxtpx:TrackPointExtension>
        </extensions>
      </trkpt>
      <trkpt lat="50.899034" lon="-114.114092">
        <ele>1113.75</ele>
        <extensions>
          <gpxtpx:TrackPointExtension>
            <gpxtpx:Extensions>
              <highway>path</highway>
              <surface>asphalt</surface>
              <foot>designated</foot>
              <bicycle>designated</bicycle>
              <segregated>no</segregated>
            </gpxtpx:Extensions>
          </gpxtpx:TrackPointExtension>
        </extensions>
      </trkpt>
      <trkpt lat="50.899787" lon="-114.114096">
        <ele>1113</ele>
        <extensions>
          <gpxtpx:TrackPointExtension>
            <gpxtpx:Extensions>
              <highway>path</highway>
              <surface>asphalt</surface>
              <foot>designated</foot>
              <bicycle>designated</bicycle>
              <segregated>no</segregated>
            </gpxtpx:Extensions>
          </gpxtpx:TrackPointExtension>
        </extensions>
      </trkpt>
      <trkpt lat="50.899838" lon="-114.114097">
        <ele>1113</ele>
        <extensions>
          <gpxtpx:TrackPointExtension>
            <gpxtpx:Extensions>
              <reversedirection>yes</reversedirection>
              <highway>residential</highway>
            </gpxtpx:Extensions>
          </gpxtpx:TrackPointExtension>
        </extensions>
      </trkpt>
      <trkpt lat="50.899838" lon="-114.113829">
        <ele>1113</ele>
        <extensions>
          <gpxtpx:TrackPointExtension>
            <gpxtpx:Extensions>
              <reversedirection>yes</reversedirection>
              <highway>residential</highway>
            </gpxtpx:Extensions>
          </gpxtpx:TrackPointExtension>
        </extensions>
      </trkpt>
      <trkpt lat="50.900891" lon="-114.113835">
        <ele>1113.5</ele>
        <extensions>
          <gpxtpx:TrackPointExtension>
            <gpxtpx:Extensions>
              <reversedirection>yes</reversedirection>
              <highway>residential</highway>
            </gpxtpx:Extensions>
          </gpxtpx:TrackPointExtension>
        </extensions>
      </trkpt>
      <trkpt lat="50.900966" lon="-114.113834">
        <ele>1113.75</ele>
        <extensions>
          <gpxtpx:TrackPointExtension>
            <gpxtpx:Extensions>
              <reversedirection>yes</reversedirection>
              <highway>residential</highway>
            </gpxtpx:Extensions>
          </gpxtpx:TrackPointExtension>
        </extensions>
      </trkpt>
      <trkpt lat="50.901068" lon="-114.113837">
        <ele>1114</ele>
        <extensions>
          <gpxtpx:TrackPointExtension>
            <gpxtpx:Extensions>
              <reversedirection>yes</reversedirection>
              <highway>residential</highway>
            </gpxtpx:Extensions>
          </gpxtpx:TrackPointExtension>
        </extensions>
      </trkpt>
      <trkpt lat="50.90169" lon="-114.113841">
        <ele>1115.5</ele>
        <extensions>
          <gpxtpx:TrackPointExtension>
            <gpxtpx:Extensions>
              <highway>residential</highway>
            </gpxtpx:Extensions>
          </gpxtpx:TrackPointExtension>
        </extensions>
      </trkpt>
      <trkpt lat="50.901683" lon="-114.115743">
        <ele>1115.75</ele>
        <extensions>
          <gpxtpx:TrackPointExtension>
            <gpxtpx:Extensions>
              <highway>residential</highway>
            </gpxtpx:Extensions>
          </gpxtpx:TrackPointExtension>
        </extensions>
      </trkpt>
      <trkpt lat="50.901689" lon="-114.115794">
        <ele>1115.75</ele>
        <extensions>
          <gpxtpx:TrackPointExtension>
            <gpxtpx:Extensions>
              <highway>residential</highway>
            </gpxtpx:Extensions>
          </gpxtpx:TrackPointExtension>
        </extensions>
      </trkpt>
      <trkpt lat="50.901701" lon="-114.115837">
        <ele>1115.75</ele>
        <extensions>
          <gpxtpx:TrackPointExtension>
            <gpxtpx:Extensions>
              <highway>residential</highway>
            </gpxtpx:Extensions>
          </gpxtpx:TrackPointExtension>
        </extensions>
      </trkpt>
      <trkpt lat="50.901738" lon="-114.1159">
        <ele>1115.75</ele>
        <extensions>
          <gpxtpx:TrackPointExtension>
            <gpxtpx:Extensions>
              <highway>residential</highway>
            </gpxtpx:Extensions>
          </gpxtpx:TrackPointExtension>
        </extensions>
      </trkpt>
      <trkpt lat="50.901759" lon="-114.115921">
        <ele>1115.75</ele>
        <extensions>
          <gpxtpx:TrackPointExtension>
            <gpxtpx:Extensions>
              <highway>cycleway</highway>
              <surface>asphalt</surface>
              <foot>yes</foot>
              <bicycle>yes</bicycle>
            </gpxtpx:Extensions>
          </gpxtpx:TrackPointExtension>
        </extensions>
      </trkpt>
      <trkpt lat="50.901769" lon="-114.11647">
        <ele>1115.75</ele>
        <extensions>
          <gpxtpx:TrackPointExtension>
            <gpxtpx:Extensions>
              <highway>cycleway</highway>
              <surface>asphalt</surface>
              <foot>yes</foot>
              <bicycle>yes</bicycle>
            </gpxtpx:Extensions>
          </gpxtpx:TrackPointExtension>
        </extensions>
      </trkpt>
      <trkpt lat="50.901748" lon="-114.116573">
        <ele>1115.75</ele>
        <extensions>
          <gpxtpx:TrackPointExtension>
            <gpxtpx:Extensions>
              <highway>cycleway</highway>
              <surface>asphalt</surface>
              <foot>yes</foot>
              <bicycle>yes</bicycle>
            </gpxtpx:Extensions>
          </gpxtpx:TrackPointExtension>
        </extensions>
      </trkpt>
      <trkpt lat="50.901753" lon="-114.116991">
        <ele>1116.25</ele>
        <extensions>
          <gpxtpx:TrackPointExtension>
            <gpxtpx:Extensions>
              <highway>footway</highway>
              <footway>sidewalk</footway>
            </gpxtpx:Extensions>
          </gpxtpx:TrackPointExtension>
        </extensions>
      </trkpt>
      <trkpt lat="50.901721" lon="-114.116991">
        <ele>1116.25</ele>
        <extensions>
          <gpxtpx:TrackPointExtension>
            <gpxtpx:Extensions>
              <highway>footway</highway>
              <footway>sidewalk</footway>
            </gpxtpx:Extensions>
          </gpxtpx:TrackPointExtension>
        </extensions>
      </trkpt>
      <trkpt lat="50.901597" lon="-114.116992">
        <ele>1116.5</ele>
        <extensions>
          <gpxtpx:TrackPointExtension>
            <gpxtpx:Extensions>
              <reversedirection>yes</reversedirection>
              <highway>footway</highway>
              <footway>crossing</footway>
            </gpxtpx:Extensions>
          </gpxtpx:TrackPointExtension>
        </extensions>
      </trkpt>
      <trkpt lat="50.901597" lon="-114.117131">
        <ele>1116.5</ele>
        <extensions>
          <gpxtpx:TrackPointExtension>
            <gpxtpx:Extensions>
              <reversedirection>yes</reversedirection>
              <highway>footway</highway>
              <footway>crossing</footway>
            </gpxtpx:Extensions>
          </gpxtpx:TrackPointExtension>
        </extensions>
      </trkpt>
      <trkpt lat="50.901596" lon="-114.117301">
        <ele>1116.75</ele>
        <extensions>
          <gpxtpx:TrackPointExtension>
            <gpxtpx:Extensions>
              <reversedirection>yes</reversedirection>
              <highway>cycleway</highway>
              <surface>asphalt</surface>
              <foot>yes</foot>
              <bicycle>yes</bicycle>
            </gpxtpx:Extensions>
          </gpxtpx:TrackPointExtension>
        </extensions>
      </trkpt>
      <trkpt lat="50.901622" lon="-114.11728">
        <ele>1116.75</ele>
        <extensions>
          <gpxtpx:TrackPointExtension>
            <gpxtpx:Extensions>
              <reversedirection>yes</reversedirection>
              <highway>cycleway</highway>
              <surface>asphalt</surface>
              <foot>yes</foot>
              <bicycle>yes</bicycle>
            </gpxtpx:Extensions>
          </gpxtpx:TrackPointExtension>
        </extensions>
      </trkpt>
      <trkpt lat="50.901656" lon="-114.117277">
        <ele>1116.75</ele>
        <extensions>
          <gpxtpx:TrackPointExtension>
            <gpxtpx:Extensions>
              <reversedirection>yes</reversedirection>
              <highway>cycleway</highway>
              <surface>asphalt</surface>
              <foot>yes</foot>
              <bicycle>yes</bicycle>
            </gpxtpx:Extensions>
          </gpxtpx:TrackPointExtension>
        </extensions>
      </trkpt>
      <trkpt lat="50.903033" lon="-114.117302">
        <ele>1117</ele>
        <extensions>
          <gpxtpx:TrackPointExtension>
            <gpxtpx:Extensions>
              <reversedirection>yes</reversedirection>
              <highway>cycleway</highway>
              <surface>asphalt</surface>
              <foot>yes</foot>
              <bicycle>yes</bicycle>
            </gpxtpx:Extensions>
          </gpxtpx:TrackPointExtension>
        </extensions>
      </trkpt>
      <trkpt lat="50.903127" lon="-114.117304">
        <ele>1116.75</ele>
        <extensions>
          <gpxtpx:TrackPointExtension>
            <gpxtpx:Extensions>
              <reversedirection>yes</reversedirection>
              <highway>cycleway</highway>
              <surface>asphalt</surface>
              <foot>yes</foot>
              <bicycle>yes</bicycle>
            </gpxtpx:Extensions>
          </gpxtpx:TrackPointExtension>
        </extensions>
      </trkpt>
      <trkpt lat="50.903204" lon="-114.117305">
        <ele>1116.75</ele>
        <extensions>
          <gpxtpx:TrackPointExtension>
            <gpxtpx:Extensions>
              <reversedirection>yes</reversedirection>
              <highway>cycleway</highway>
              <surface>asphalt</surface>
              <foot>yes</foot>
              <bicycle>yes</bicycle>
            </gpxtpx:Extensions>
          </gpxtpx:TrackPointExtension>
        </extensions>
      </trkpt>
      <trkpt lat="50.903868" lon="-114.117299">
        <ele>1116.25</ele>
        <extensions>
          <gpxtpx:TrackPointExtension>
            <gpxtpx:Extensions>
              <reversedirection>yes</reversedirection>
              <highway>cycleway</highway>
              <surface>asphalt</surface>
              <foot>yes</foot>
              <bicycle>yes</bicycle>
            </gpxtpx:Extensions>
          </gpxtpx:TrackPointExtension>
        </extensions>
      </trkpt>
      <trkpt lat="50.90419" lon="-114.117294">
        <ele>1115.75</ele>
        <extensions>
          <gpxtpx:TrackPointExtension>
            <gpxtpx:Extensions>
              <reversedirection>yes</reversedirection>
              <highway>cycleway</highway>
              <surface>asphalt</surface>
              <foot>yes</foot>
              <bicycle>yes</bicycle>
            </gpxtpx:Extensions>
          </gpxtpx:TrackPointExtension>
        </extensions>
      </trkpt>
      <trkpt lat="50.90497" lon="-114.117302">
        <ele>1115.25</ele>
        <extensions>
          <gpxtpx:TrackPointExtension>
            <gpxtpx:Extensions>
              <reversedirection>yes</reversedirection>
              <highway>footway</highway>
              <surface>asphalt</surface>
              <bicycle>dismount</bicycle>
              <footway>crossing</footway>
            </gpxtpx:Extensions>
          </gpxtpx:TrackPointExtension>
        </extensions>
      </trkpt>
      <trkpt lat="50.905055" lon="-114.117307">
        <ele>1115</ele>
        <extensions>
          <gpxtpx:TrackPointExtension>
            <gpxtpx:Extensions>
              <highway>residential</highway>
            </gpxtpx:Extensions>
          </gpxtpx:TrackPointExtension>
        </extensions>
      </trkpt>
      <trkpt lat="50.905055" lon="-114.117194">
        <ele>1115.25</ele>
        <extensions>
          <gpxtpx:TrackPointExtension>
            <gpxtpx:Extensions>
              <highway>residential</highway>
            </gpxtpx:Extensions>
          </gpxtpx:TrackPointExtension>
        </extensions>
      </trkpt>
      <trkpt lat="50.905066" lon="-114.117047">
        <ele>1115.25</ele>
        <extensions>
          <gpxtpx:TrackPointExtension>
            <gpxtpx:Extensions>
              <highway>tertiary</highway>
              <oneway>yes</oneway>
            </gpxtpx:Extensions>
          </gpxtpx:TrackPointExtension>
        </extensions>
      </trkpt>
      <trkpt lat="50.905431" lon="-114.11703">
        <ele>1115</ele>
        <extensions>
          <gpxtpx:TrackPointExtension>
            <gpxtpx:Extensions>
              <highway>tertiary</highway>
              <oneway>yes</oneway>
            </gpxtpx:Extensions>
          </gpxtpx:TrackPointExtension>
        </extensions>
      </trkpt>
      <trkpt lat="50.906544" lon="-114.117027">
        <ele>1115.25</ele>
        <extensions>
          <gpxtpx:TrackPointExtension>
            <gpxtpx:Extensions>
              <highway>tertiary</highway>
              <oneway>yes</oneway>
            </gpxtpx:Extensions>
          </gpxtpx:TrackPointExtension>
        </extensions>
      </trkpt>
      <trkpt lat="50.906633" lon="-114.117027">
        <ele>1115.25</ele>
        <extensions>
          <gpxtpx:TrackPointExtension>
            <gpxtpx:Extensions>
              <highway>tertiary</highway>
              <oneway>yes</oneway>
            </gpxtpx:Extensions>
          </gpxtpx:TrackPointExtension>
        </extensions>
      </trkpt>
      <trkpt lat="50.906675" lon="-114.117025">
        <ele>1115.25</ele>
        <extensions>
          <gpxtpx:TrackPointExtension>
            <gpxtpx:Extensions>
              <highway>tertiary</highway>
              <oneway>yes</oneway>
            </gpxtpx:Extensions>
          </gpxtpx:TrackPointExtension>
        </extensions>
      </trkpt>
      <trkpt lat="50.906685" lon="-114.117024">
        <ele>1115.25</ele>
        <extensions>
          <gpxtpx:TrackPointExtension>
            <gpxtpx:Extensions>
              <highway>tertiary</highway>
              <oneway>yes</oneway>
            </gpxtpx:Extensions>
          </gpxtpx:TrackPointExtension>
        </extensions>
      </trkpt>
      <trkpt lat="50.906891" lon="-114.117018">
        <ele>1114.75</ele>
        <extensions>
          <gpxtpx:TrackPointExtension>
            <gpxtpx:Extensions>
              <highway>tertiary</highway>
              <oneway>yes</oneway>
            </gpxtpx:Extensions>
          </gpxtpx:TrackPointExtension>
        </extensions>
      </trkpt>
      <trkpt lat="50.906967" lon="-114.117019">
        <ele>1114.75</ele>
        <extensions>
          <gpxtpx:TrackPointExtension>
            <gpxtpx:Extensions>
              <highway>tertiary</highway>
              <oneway>yes</oneway>
            </gpxtpx:Extensions>
          </gpxtpx:TrackPointExtension>
        </extensions>
      </trkpt>
      <trkpt lat="50.907132" lon="-114.117021">
        <ele>1114.5</ele>
        <extensions>
          <gpxtpx:TrackPointExtension>
            <gpxtpx:Extensions>
              <highway>tertiary</highway>
              <oneway>yes</oneway>
            </gpxtpx:Extensions>
          </gpxtpx:TrackPointExtension>
        </extensions>
      </trkpt>
      <trkpt lat="50.908087" lon="-114.117045">
        <ele>1111.25</ele>
        <extensions>
          <gpxtpx:TrackPointExtension>
            <gpxtpx:Extensions>
              <highway>tertiary</highway>
              <oneway>yes</oneway>
            </gpxtpx:Extensions>
          </gpxtpx:TrackPointExtension>
        </extensions>
      </trkpt>
      <trkpt lat="50.908165" lon="-114.117045">
        <ele>1111</ele>
        <extensions>
          <gpxtpx:TrackPointExtension>
            <gpxtpx:Extensions>
              <highway>tertiary</highway>
              <oneway>yes</oneway>
            </gpxtpx:Extensions>
          </gpxtpx:TrackPointExtension>
        </extensions>
      </trkpt>
      <trkpt lat="50.909214" lon="-114.117049">
        <ele>1109.25</ele>
        <extensions>
          <gpxtpx:TrackPointExtension>
            <gpxtpx:Extensions>
              <highway>tertiary</highway>
              <oneway>yes</oneway>
            </gpxtpx:Extensions>
          </gpxtpx:TrackPointExtension>
        </extensions>
      </trkpt>
      <trkpt lat="50.910726" lon="-114.117052">
        <ele>1107.75</ele>
        <extensions>
          <gpxtpx:TrackPointExtension>
            <gpxtpx:Extensions>
              <highway>tertiary</highway>
              <oneway>yes</oneway>
            </gpxtpx:Extensions>
          </gpxtpx:TrackPointExtension>
        </extensions>
      </trkpt>
      <trkpt lat="50.910797" lon="-114.117051">
        <ele>1107.75</ele>
        <extensions>
          <gpxtpx:TrackPointExtension>
            <gpxtpx:Extensions>
              <highway>tertiary</highway>
              <oneway>yes</oneway>
            </gpxtpx:Extensions>
          </gpxtpx:TrackPointExtension>
        </extensions>
      </trkpt>
      <trkpt lat="50.910891" lon="-114.11712">
        <ele>1107.75</ele>
        <extensions>
          <gpxtpx:TrackPointExtension>
            <gpxtpx:Extensions>
              <highway>tertiary</highway>
              <oneway>yes</oneway>
            </gpxtpx:Extensions>
          </gpxtpx:TrackPointExtension>
        </extensions>
      </trkpt>
      <trkpt lat="50.910891" lon="-114.117307">
        <ele>1107.75</ele>
        <extensions>
          <gpxtpx:TrackPointExtension>
            <gpxtpx:Extensions>
              <highway>footway</highway>
              <surface>asphalt</surface>
              <bicycle>dismount</bicycle>
              <footway>crossing</footway>
            </gpxtpx:Extensions>
          </gpxtpx:TrackPointExtension>
        </extensions>
      </trkpt>
      <trkpt lat="50.910823" lon="-114.117312">
        <ele>1107.75</ele>
        <extensions>
          <gpxtpx:TrackPointExtension>
            <gpxtpx:Extensions>
              <reversedirection>yes</reversedirection>
              <highway>footway</highway>
              <surface>asphalt</surface>
              <bicycle>dismount</bicycle>
              <footway>crossing</footway>
            </gpxtpx:Extensions>
          </gpxtpx:TrackPointExtension>
        </extensions>
      </trkpt>
      <trkpt lat="50.910891" lon="-114.117307">
        <ele>1107.75</ele>
        <extensions>
          <gpxtpx:TrackPointExtension>
            <gpxtpx:Extensions>
              <reversedirection>yes</reversedirection>
              <highway>footway</highway>
              <surface>asphalt</surface>
              <bicycle>dismount</bicycle>
              <footway>crossing</footway>
            </gpxtpx:Extensions>
          </gpxtpx:TrackPointExtension>
        </extensions>
      </trkpt>
      <trkpt lat="50.910957" lon="-114.117301">
        <ele>1107.75</ele>
        <extensions>
          <gpxtpx:TrackPointExtension>
            <gpxtpx:Extensions>
              <highway>cycleway</highway>
              <surface>asphalt</surface>
              <foot>yes</foot>
              <bicycle>yes</bicycle>
            </gpxtpx:Extensions>
          </gpxtpx:TrackPointExtension>
        </extensions>
      </trkpt>
      <trkpt lat="50.910955" lon="-114.117167">
        <ele>1107.75</ele>
        <extensions>
          <gpxtpx:TrackPointExtension>
            <gpxtpx:Extensions>
              <highway>cycleway</highway>
              <surface>asphalt</surface>
              <foot>yes</foot>
              <bicycle>yes</bicycle>
            </gpxtpx:Extensions>
          </gpxtpx:TrackPointExtension>
        </extensions>
      </trkpt>
      <trkpt lat="50.911033" lon="-114.11716">
        <ele>1107.75</ele>
        <extensions>
          <gpxtpx:TrackPointExtension>
            <gpxtpx:Extensions>
              <highway>cycleway</highway>
              <surface>asphalt</surface>
              <foot>yes</foot>
              <bicycle>yes</bicycle>
            </gpxtpx:Extensions>
          </gpxtpx:TrackPointExtension>
        </extensions>
      </trkpt>
      <trkpt lat="50.911287" lon="-114.117111">
        <ele>1107.5</ele>
        <extensions>
          <gpxtpx:TrackPointExtension>
            <gpxtpx:Extensions>
              <highway>cycleway</highway>
              <surface>asphalt</surface>
              <foot>yes</foot>
              <bicycle>yes</bicycle>
            </gpxtpx:Extensions>
          </gpxtpx:TrackPointExtension>
        </extensions>
      </trkpt>
      <trkpt lat="50.911503" lon="-114.117094">
        <ele>1107.5</ele>
        <extensions>
          <gpxtpx:TrackPointExtension>
            <gpxtpx:Extensions>
              <highway>cycleway</highway>
              <surface>asphalt</surface>
              <foot>yes</foot>
              <bicycle>yes</bicycle>
            </gpxtpx:Extensions>
          </gpxtpx:TrackPointExtension>
        </extensions>
      </trkpt>
      <trkpt lat="50.911646" lon="-114.117119">
        <ele>1107.25</ele>
        <extensions>
          <gpxtpx:TrackPointExtension>
            <gpxtpx:Extensions>
              <highway>cycleway</highway>
              <surface>asphalt</surface>
              <foot>yes</foot>
              <bicycle>yes</bicycle>
            </gpxtpx:Extensions>
          </gpxtpx:TrackPointExtension>
        </extensions>
      </trkpt>
      <trkpt lat="50.911789" lon="-114.117114">
        <ele>1107.25</ele>
        <extensions>
          <gpxtpx:TrackPointExtension>
            <gpxtpx:Extensions>
              <highway>cycleway</highway>
              <surface>asphalt</surface>
              <foot>yes</foot>
              <bicycle>yes</bicycle>
            </gpxtpx:Extensions>
          </gpxtpx:TrackPointExtension>
        </extensions>
      </trkpt>
      <trkpt lat="50.912122" lon="-114.117127">
        <ele>1106.75</ele>
        <extensions>
          <gpxtpx:TrackPointExtension>
            <gpxtpx:Extensions>
              <highway>cycleway</highway>
              <surface>asphalt</surface>
              <foot>yes</foot>
              <bicycle>yes</bicycle>
            </gpxtpx:Extensions>
          </gpxtpx:TrackPointExtension>
        </extensions>
      </trkpt>
      <trkpt lat="50.912303" lon="-114.117131">
        <ele>1106.75</ele>
        <extensions>
          <gpxtpx:TrackPointExtension>
            <gpxtpx:Extensions>
              <highway>cycleway</highway>
              <surface>asphalt</surface>
              <foot>yes</foot>
              <bicycle>yes</bicycle>
            </gpxtpx:Extensions>
          </gpxtpx:TrackPointExtension>
        </extensions>
      </trkpt>
      <trkpt lat="50.912553" lon="-114.117083">
        <ele>1106.5</ele>
        <extensions>
          <gpxtpx:TrackPointExtension>
            <gpxtpx:Extensions>
              <highway>cycleway</highway>
              <surface>asphalt</surface>
              <foot>yes</foot>
              <bicycle>yes</bicycle>
            </gpxtpx:Extensions>
          </gpxtpx:TrackPointExtension>
        </extensions>
      </trkpt>
      <trkpt lat="50.913162" lon="-114.117149">
        <ele>1106.75</ele>
        <extensions>
          <gpxtpx:TrackPointExtension>
            <gpxtpx:Extensions>
              <highway>cycleway</highway>
              <surface>asphalt</surface>
              <foot>yes</foot>
              <bicycle>yes</bicycle>
            </gpxtpx:Extensions>
          </gpxtpx:TrackPointExtension>
        </extensions>
      </trkpt>
      <trkpt lat="50.913576" lon="-114.117085">
        <ele>1107</ele>
        <extensions>
          <gpxtpx:TrackPointExtension>
            <gpxtpx:Extensions>
              <highway>cycleway</highway>
              <surface>asphalt</surface>
              <foot>yes</foot>
              <bicycle>yes</bicycle>
            </gpxtpx:Extensions>
          </gpxtpx:TrackPointExtension>
        </extensions>
      </trkpt>
      <trkpt lat="50.913728" lon="-114.11708">
        <ele>1107</ele>
        <extensions>
          <gpxtpx:TrackPointExtension>
            <gpxtpx:Extensions>
              <highway>cycleway</highway>
              <surface>asphalt</surface>
              <foot>yes</foot>
              <bicycle>yes</bicycle>
            </gpxtpx:Extensions>
          </gpxtpx:TrackPointExtension>
        </extensions>
      </trkpt>
      <trkpt lat="50.914064" lon="-114.117122">
        <ele>1107.25</ele>
        <extensions>
          <gpxtpx:TrackPointExtension>
            <gpxtpx:Extensions>
              <highway>cycleway</highway>
              <surface>asphalt</surface>
              <foot>yes</foot>
              <bicycle>yes</bicycle>
            </gpxtpx:Extensions>
          </gpxtpx:TrackPointExtension>
        </extensions>
      </trkpt>
      <trkpt lat="50.914116" lon="-114.11713">
        <ele>1107.5</ele>
        <extensions>
          <gpxtpx:TrackPointExtension>
            <gpxtpx:Extensions>
              <reversedirection>yes</reversedirection>
              <highway>cycleway</highway>
              <surface>asphalt</surface>
              <foot>yes</foot>
              <bicycle>yes</bicycle>
            </gpxtpx:Extensions>
          </gpxtpx:TrackPointExtension>
        </extensions>
      </trkpt>
      <trkpt lat="50.914169" lon="-114.117136">
        <ele>1107.5</ele>
        <extensions>
          <gpxtpx:TrackPointExtension>
            <gpxtpx:Extensions>
              <reversedirection>yes</reversedirection>
              <highway>cycleway</highway>
              <surface>asphalt</surface>
              <foot>yes</foot>
              <bicycle>yes</bicycle>
            </gpxtpx:Extensions>
          </gpxtpx:TrackPointExtension>
        </extensions>
      </trkpt>
      <trkpt lat="50.914539" lon="-114.117096">
        <ele>1107.25</ele>
        <extensions>
          <gpxtpx:TrackPointExtension>
            <gpxtpx:Extensions>
              <reversedirection>yes</reversedirection>
              <highway>cycleway</highway>
              <surface>asphalt</surface>
              <foot>yes</foot>
              <bicycle>yes</bicycle>
            </gpxtpx:Extensions>
          </gpxtpx:TrackPointExtension>
        </extensions>
      </trkpt>
      <trkpt lat="50.914608" lon="-114.117098">
        <ele>1107.25</ele>
        <extensions>
          <gpxtpx:TrackPointExtension>
            <gpxtpx:Extensions>
              <reversedirection>yes</reversedirection>
              <highway>cycleway</highway>
              <surface>asphalt</surface>
              <foot>yes</foot>
              <bicycle>yes</bicycle>
            </gpxtpx:Extensions>
          </gpxtpx:TrackPointExtension>
        </extensions>
      </trkpt>
      <trkpt lat="50.914825" lon="-114.117139">
        <ele>1107</ele>
        <extensions>
          <gpxtpx:TrackPointExtension>
            <gpxtpx:Extensions>
              <reversedirection>yes</reversedirection>
              <highway>cycleway</highway>
              <surface>asphalt</surface>
              <foot>yes</foot>
              <bicycle>yes</bicycle>
            </gpxtpx:Extensions>
          </gpxtpx:TrackPointExtension>
        </extensions>
      </trkpt>
      <trkpt lat="50.915122" lon="-114.117152">
        <ele>1107</ele>
        <extensions>
          <gpxtpx:TrackPointExtension>
            <gpxtpx:Extensions>
              <reversedirection>yes</reversedirection>
              <highway>cycleway</highway>
              <surface>asphalt</surface>
              <foot>yes</foot>
              <bicycle>yes</bicycle>
            </gpxtpx:Extensions>
          </gpxtpx:TrackPointExtension>
        </extensions>
      </trkpt>
      <trkpt lat="50.915437" lon="-114.117114">
        <ele>1107</ele>
        <extensions>
          <gpxtpx:TrackPointExtension>
            <gpxtpx:Extensions>
              <reversedirection>yes</reversedirection>
              <highway>cycleway</highway>
              <surface>asphalt</surface>
              <foot>yes</foot>
              <bicycle>yes</bicycle>
            </gpxtpx:Extensions>
          </gpxtpx:TrackPointExtension>
        </extensions>
      </trkpt>
      <trkpt lat="50.915487" lon="-114.117108">
        <ele>1107</ele>
        <extensions>
          <gpxtpx:TrackPointExtension>
            <gpxtpx:Extensions>
              <reversedirection>yes</reversedirection>
              <highway>cycleway</highway>
              <surface>asphalt</surface>
              <foot>yes</foot>
              <bicycle>yes</bicycle>
            </gpxtpx:Extensions>
          </gpxtpx:TrackPointExtension>
        </extensions>
      </trkpt>
      <trkpt lat="50.915714" lon="-114.117109">
        <ele>1107</ele>
        <extensions>
          <gpxtpx:TrackPointExtension>
            <gpxtpx:Extensions>
              <reversedirection>yes</reversedirection>
              <highway>cycleway</highway>
              <surface>asphalt</surface>
              <foot>yes</foot>
              <bicycle>yes</bicycle>
            </gpxtpx:Extensions>
          </gpxtpx:TrackPointExtension>
        </extensions>
      </trkpt>
      <trkpt lat="50.915933" lon="-114.117143">
        <ele>1107.25</ele>
        <extensions>
          <gpxtpx:TrackPointExtension>
            <gpxtpx:Extensions>
              <reversedirection>yes</reversedirection>
              <highway>cycleway</highway>
              <surface>asphalt</surface>
              <foot>yes</foot>
              <bicycle>yes</bicycle>
            </gpxtpx:Extensions>
          </gpxtpx:TrackPointExtension>
        </extensions>
      </trkpt>
      <trkpt lat="50.916188" lon="-114.117158">
        <ele>1107.5</ele>
        <extensions>
          <gpxtpx:TrackPointExtension>
            <gpxtpx:Extensions>
              <reversedirection>yes</reversedirection>
              <highway>cycleway</highway>
              <surface>asphalt</surface>
              <foot>yes</foot>
              <bicycle>yes</bicycle>
            </gpxtpx:Extensions>
          </gpxtpx:TrackPointExtension>
        </extensions>
      </trkpt>
      <trkpt lat="50.916284" lon="-114.117158">
        <ele>1107.5</ele>
        <extensions>
          <gpxtpx:TrackPointExtension>
            <gpxtpx:Extensions>
              <reversedirection>yes</reversedirection>
              <highway>cycleway</highway>
              <surface>asphalt</surface>
              <foot>yes</foot>
              <bicycle>yes</bicycle>
            </gpxtpx:Extensions>
          </gpxtpx:TrackPointExtension>
        </extensions>
      </trkpt>
      <trkpt lat="50.91648" lon="-114.117113">
        <ele>1107.75</ele>
        <extensions>
          <gpxtpx:TrackPointExtension>
            <gpxtpx:Extensions>
              <reversedirection>yes</reversedirection>
              <highway>cycleway</highway>
              <surface>asphalt</surface>
              <foot>yes</foot>
              <bicycle>yes</bicycle>
            </gpxtpx:Extensions>
          </gpxtpx:TrackPointExtension>
        </extensions>
      </trkpt>
      <trkpt lat="50.916688" lon="-114.117104">
        <ele>1108</ele>
        <extensions>
          <gpxtpx:TrackPointExtension>
            <gpxtpx:Extensions>
              <reversedirection>yes</reversedirection>
              <highway>cycleway</highway>
              <surface>asphalt</surface>
              <foot>yes</foot>
              <bicycle>yes</bicycle>
            </gpxtpx:Extensions>
          </gpxtpx:TrackPointExtension>
        </extensions>
      </trkpt>
      <trkpt lat="50.917155" lon="-114.117147">
        <ele>1107.25</ele>
        <extensions>
          <gpxtpx:TrackPointExtension>
            <gpxtpx:Extensions>
              <reversedirection>yes</reversedirection>
              <highway>cycleway</highway>
              <surface>asphalt</surface>
              <foot>yes</foot>
              <bicycle>yes</bicycle>
            </gpxtpx:Extensions>
          </gpxtpx:TrackPointExtension>
        </extensions>
      </trkpt>
      <trkpt lat="50.917328" lon="-114.11715">
        <ele>1107</ele>
        <extensions>
          <gpxtpx:TrackPointExtension>
            <gpxtpx:Extensions>
              <reversedirection>yes</reversedirection>
              <highway>cycleway</highway>
              <surface>asphalt</surface>
              <foot>yes</foot>
              <bicycle>yes</bicycle>
            </gpxtpx:Extensions>
          </gpxtpx:TrackPointExtension>
        </extensions>
      </trkpt>
      <trkpt lat="50.917555" lon="-114.117133">
        <ele>1106.75</ele>
        <extensions>
          <gpxtpx:TrackPointExtension>
            <gpxtpx:Extensions>
              <reversedirection>yes</reversedirection>
              <highway>cycleway</highway>
              <surface>asphalt</surface>
              <foot>yes</foot>
              <bicycle>yes</bicycle>
            </gpxtpx:Extensions>
          </gpxtpx:TrackPointExtension>
        </extensions>
      </trkpt>
      <trkpt lat="50.917888" lon="-114.117137">
        <ele>1107.5</ele>
        <extensions>
          <gpxtpx:TrackPointExtension>
            <gpxtpx:Extensions>
              <reversedirection>yes</reversedirection>
              <highway>cycleway</highway>
              <surface>asphalt</surface>
              <foot>yes</foot>
              <bicycle>yes</bicycle>
            </gpxtpx:Extensions>
          </gpxtpx:TrackPointExtension>
        </extensions>
      </trkpt>
      <trkpt lat="50.918063" lon="-114.117107">
        <ele>1107.75</ele>
        <extensions>
          <gpxtpx:TrackPointExtension>
            <gpxtpx:Extensions>
              <reversedirection>yes</reversedirection>
              <highway>cycleway</highway>
              <surface>asphalt</surface>
              <foot>yes</foot>
              <bicycle>yes</bicycle>
            </gpxtpx:Extensions>
          </gpxtpx:TrackPointExtension>
        </extensions>
      </trkpt>
      <trkpt lat="50.918513" lon="-114.117138">
        <ele>1108</ele>
        <extensions>
          <gpxtpx:TrackPointExtension>
            <gpxtpx:Extensions>
              <reversedirection>yes</reversedirection>
              <highway>cycleway</highway>
              <surface>asphalt</surface>
              <foot>yes</foot>
              <bicycle>yes</bicycle>
            </gpxtpx:Extensions>
          </gpxtpx:TrackPointExtension>
        </extensions>
      </trkpt>
      <trkpt lat="50.918849" lon="-114.117113">
        <ele>1107.25</ele>
        <extensions>
          <gpxtpx:TrackPointExtension>
            <gpxtpx:Extensions>
              <reversedirection>yes</reversedirection>
              <highway>footway</highway>
              <surface>asphalt</surface>
              <foot>yes</foot>
              <bicycle>yes</bicycle>
            </gpxtpx:Extensions>
          </gpxtpx:TrackPointExtension>
        </extensions>
      </trkpt>
      <trkpt lat="50.918832" lon="-114.117198">
        <ele>1107.25</ele>
        <extensions>
          <gpxtpx:TrackPointExtension>
            <gpxtpx:Extensions>
              <reversedirection>yes</reversedirection>
              <highway>footway</highway>
              <surface>asphalt</surface>
              <foot>yes</foot>
              <bicycle>yes</bicycle>
            </gpxtpx:Extensions>
          </gpxtpx:TrackPointExtension>
        </extensions>
      </trkpt>
      <trkpt lat="50.918835" lon="-114.117266">
        <ele>1107.5</ele>
        <extensions>
          <gpxtpx:TrackPointExtension>
            <gpxtpx:Extensions>
              <reversedirection>yes</reversedirection>
              <highway>footway</highway>
              <surface>asphalt</surface>
              <foot>yes</foot>
              <bicycle>yes</bicycle>
            </gpxtpx:Extensions>
          </gpxtpx:TrackPointExtension>
        </extensions>
      </trkpt>
      <trkpt lat="50.918857" lon="-114.117318">
        <ele>1107.5</ele>
        <extensions>
          <gpxtpx:TrackPointExtension>
            <gpxtpx:Extensions>
              <reversedirection>yes</reversedirection>
              <highway>footway</highway>
              <surface>asphalt</surface>
              <foot>yes</foot>
              <bicycle>yes</bicycle>
            </gpxtpx:Extensions>
          </gpxtpx:TrackPointExtension>
        </extensions>
      </trkpt>
      <trkpt lat="50.918915" lon="-114.117384">
        <ele>1107.25</ele>
        <extensions>
          <gpxtpx:TrackPointExtension>
            <gpxtpx:Extensions>
              <reversedirection>yes</reversedirection>
              <highway>footway</highway>
              <surface>asphalt</surface>
              <foot>yes</foot>
              <bicycle>yes</bicycle>
            </gpxtpx:Extensions>
          </gpxtpx:TrackPointExtension>
        </extensions>
      </trkpt>
      <trkpt lat="50.918976" lon="-114.117418">
        <ele>1107.25</ele>
        <extensions>
          <gpxtpx:TrackPointExtension>
            <gpxtpx:Extensions>
              <highway>footway</highway>
              <surface>asphalt</surface>
              <foot>yes</foot>
              <bicycle>yes</bicycle>
            </gpxtpx:Extensions>
          </gpxtpx:TrackPointExtension>
        </extensions>
      </trkpt>
      <trkpt lat="50.91902" lon="-114.117387">
        <ele>1107</ele>
        <extensions>
          <gpxtpx:TrackPointExtension>
            <gpxtpx:Extensions>
              <highway>footway</highway>
              <surface>asphalt</surface>
              <foot>yes</foot>
              <bicycle>yes</bicycle>
            </gpxtpx:Extensions>
          </gpxtpx:TrackPointExtension>
        </extensions>
      </trkpt>
      <trkpt lat="50.919071" lon="-114.117366">
        <ele>1107</ele>
        <extensions>
          <gpxtpx:TrackPointExtension>
            <gpxtpx:Extensions>
              <highway>footway</highway>
              <surface>asphalt</surface>
              <foot>yes</foot>
              <bicycle>yes</bicycle>
            </gpxtpx:Extensions>
          </gpxtpx:TrackPointExtension>
        </extensions>
      </trkpt>
      <trkpt lat="50.919143" lon="-114.117351">
        <ele>1106.75</ele>
        <extensions>
          <gpxtpx:TrackPointExtension>
            <gpxtpx:Extensions>
              <highway>footway</highway>
              <surface>asphalt</surface>
              <foot>yes</foot>
              <bicycle>yes</bicycle>
            </gpxtpx:Extensions>
          </gpxtpx:TrackPointExtension>
        </extensions>
      </trkpt>
      <trkpt lat="50.919334" lon="-114.117385">
        <ele>1106.25</ele>
        <extensions>
          <gpxtpx:TrackPointExtension>
            <gpxtpx:Extensions>
              <highway>footway</highway>
              <surface>asphalt</surface>
              <foot>yes</foot>
              <bicycle>yes</bicycle>
            </gpxtpx:Extensions>
          </gpxtpx:TrackPointExtension>
        </extensions>
      </trkpt>
      <trkpt lat="50.919459" lon="-114.11735">
        <ele>1106</ele>
        <extensions>
          <gpxtpx:TrackPointExtension>
            <gpxtpx:Extensions>
              <highway>footway</highway>
              <surface>asphalt</surface>
              <foot>yes</foot>
              <bicycle>yes</bicycle>
            </gpxtpx:Extensions>
          </gpxtpx:TrackPointExtension>
        </extensions>
      </trkpt>
      <trkpt lat="50.919505" lon="-114.117369">
        <ele>1105.75</ele>
        <extensions>
          <gpxtpx:TrackPointExtension>
            <gpxtpx:Extensions>
              <reversedirection>yes</reversedirection>
              <highway>footway</highway>
              <surface>asphalt</surface>
              <foot>yes</foot>
              <bicycle>yes</bicycle>
            </gpxtpx:Extensions>
          </gpxtpx:TrackPointExtension>
        </extensions>
      </trkpt>
      <trkpt lat="50.919459" lon="-114.11735">
        <ele>1106</ele>
        <extensions>
          <gpxtpx:TrackPointExtension>
            <gpxtpx:Extensions>
              <reversedirection>yes</reversedirection>
              <highway>footway</highway>
              <surface>asphalt</surface>
              <foot>yes</foot>
              <bicycle>yes</bicycle>
            </gpxtpx:Extensions>
          </gpxtpx:TrackPointExtension>
        </extensions>
      </trkpt>
      <trkpt lat="50.919334" lon="-114.117385">
        <ele>1106.25</ele>
        <extensions>
          <gpxtpx:TrackPointExtension>
            <gpxtpx:Extensions>
              <reversedirection>yes</reversedirection>
              <highway>footway</highway>
              <surface>asphalt</surface>
              <foot>yes</foot>
              <bicycle>yes</bicycle>
            </gpxtpx:Extensions>
          </gpxtpx:TrackPointExtension>
        </extensions>
      </trkpt>
      <trkpt lat="50.919143" lon="-114.117351">
        <ele>1106.75</ele>
        <extensions>
          <gpxtpx:TrackPointExtension>
            <gpxtpx:Extensions>
              <reversedirection>yes</reversedirection>
              <highway>footway</highway>
              <surface>asphalt</surface>
              <foot>yes</foot>
              <bicycle>yes</bicycle>
            </gpxtpx:Extensions>
          </gpxtpx:TrackPointExtension>
        </extensions>
      </trkpt>
      <trkpt lat="50.919071" lon="-114.117366">
        <ele>1107</ele>
        <extensions>
          <gpxtpx:TrackPointExtension>
            <gpxtpx:Extensions>
              <reversedirection>yes</reversedirection>
              <highway>footway</highway>
              <surface>asphalt</surface>
              <foot>yes</foot>
              <bicycle>yes</bicycle>
            </gpxtpx:Extensions>
          </gpxtpx:TrackPointExtension>
        </extensions>
      </trkpt>
      <trkpt lat="50.91902" lon="-114.117387">
        <ele>1107</ele>
        <extensions>
          <gpxtpx:TrackPointExtension>
            <gpxtpx:Extensions>
              <reversedirection>yes</reversedirection>
              <highway>footway</highway>
              <surface>asphalt</surface>
              <foot>yes</foot>
              <bicycle>yes</bicycle>
            </gpxtpx:Extensions>
          </gpxtpx:TrackPointExtension>
        </extensions>
      </trkpt>
      <trkpt lat="50.918976" lon="-114.117418">
        <ele>1107.25</ele>
        <extensions>
          <gpxtpx:TrackPointExtension>
            <gpxtpx:Extensions>
              <highway>footway</highway>
              <surface>asphalt</surface>
              <foot>yes</foot>
              <bicycle>yes</bicycle>
            </gpxtpx:Extensions>
          </gpxtpx:TrackPointExtension>
        </extensions>
      </trkpt>
      <trkpt lat="50.918915" lon="-114.117384">
        <ele>1107.25</ele>
        <extensions>
          <gpxtpx:TrackPointExtension>
            <gpxtpx:Extensions>
              <highway>footway</highway>
              <surface>asphalt</surface>
              <foot>yes</foot>
              <bicycle>yes</bicycle>
            </gpxtpx:Extensions>
          </gpxtpx:TrackPointExtension>
        </extensions>
      </trkpt>
      <trkpt lat="50.918857" lon="-114.117318">
        <ele>1107.5</ele>
        <extensions>
          <gpxtpx:TrackPointExtension>
            <gpxtpx:Extensions>
              <highway>footway</highway>
              <surface>asphalt</surface>
              <foot>yes</foot>
              <bicycle>yes</bicycle>
            </gpxtpx:Extensions>
          </gpxtpx:TrackPointExtension>
        </extensions>
      </trkpt>
      <trkpt lat="50.918835" lon="-114.117266">
        <ele>1107.5</ele>
        <extensions>
          <gpxtpx:TrackPointExtension>
            <gpxtpx:Extensions>
              <highway>footway</highway>
              <surface>asphalt</surface>
              <foot>yes</foot>
              <bicycle>yes</bicycle>
            </gpxtpx:Extensions>
          </gpxtpx:TrackPointExtension>
        </extensions>
      </trkpt>
      <trkpt lat="50.918832" lon="-114.117198">
        <ele>1107.25</ele>
        <extensions>
          <gpxtpx:TrackPointExtension>
            <gpxtpx:Extensions>
              <highway>footway</highway>
              <surface>asphalt</surface>
              <foot>yes</foot>
              <bicycle>yes</bicycle>
            </gpxtpx:Extensions>
          </gpxtpx:TrackPointExtension>
        </extensions>
      </trkpt>
      <trkpt lat="50.918849" lon="-114.117113">
        <ele>1107.25</ele>
        <extensions>
          <gpxtpx:TrackPointExtension>
            <gpxtpx:Extensions>
              <reversedirection>yes</reversedirection>
              <highway>cycleway</highway>
              <surface>asphalt</surface>
              <foot>yes</foot>
              <bicycle>yes</bicycle>
            </gpxtpx:Extensions>
          </gpxtpx:TrackPointExtension>
        </extensions>
      </trkpt>
      <trkpt lat="50.919417" lon="-114.117133">
        <ele>1105.75</ele>
        <extensions>
          <gpxtpx:TrackPointExtension>
            <gpxtpx:Extensions>
              <reversedirection>yes</reversedirection>
              <highway>cycleway</highway>
              <surface>asphalt</surface>
              <foot>yes</foot>
              <bicycle>yes</bicycle>
            </gpxtpx:Extensions>
          </gpxtpx:TrackPointExtension>
        </extensions>
      </trkpt>
      <trkpt lat="50.920081" lon="-114.117063">
        <ele>1104.25</ele>
        <extensions>
          <gpxtpx:TrackPointExtension>
            <gpxtpx:Extensions>
              <reversedirection>yes</reversedirection>
              <highway>cycleway</highway>
              <surface>asphalt</surface>
              <foot>yes</foot>
              <bicycle>yes</bicycle>
            </gpxtpx:Extensions>
          </gpxtpx:TrackPointExtension>
        </extensions>
      </trkpt>
      <trkpt lat="50.920471" lon="-114.117102">
        <ele>1104.5</ele>
        <extensions>
          <gpxtpx:TrackPointExtension>
            <gpxtpx:Extensions>
              <reversedirection>yes</reversedirection>
              <highway>cycleway</highway>
              <surface>asphalt</surface>
              <foot>yes</foot>
              <bicycle>yes</bicycle>
            </gpxtpx:Extensions>
          </gpxtpx:TrackPointExtension>
        </extensions>
      </trkpt>
      <trkpt lat="50.920858" lon="-114.117068">
        <ele>1104.25</ele>
        <extensions>
          <gpxtpx:TrackPointExtension>
            <gpxtpx:Extensions>
              <reversedirection>yes</reversedirection>
              <highway>cycleway</highway>
              <surface>asphalt</surface>
              <foot>yes</foot>
              <bicycle>yes</bicycle>
            </gpxtpx:Extensions>
          </gpxtpx:TrackPointExtension>
        </extensions>
      </trkpt>
      <trkpt lat="50.920951" lon="-114.11708">
        <ele>1104</ele>
        <extensions>
          <gpxtpx:TrackPointExtension>
            <gpxtpx:Extensions>
              <reversedirection>yes</reversedirection>
              <highway>cycleway</highway>
              <surface>asphalt</surface>
              <foot>yes</foot>
              <bicycle>yes</bicycle>
            </gpxtpx:Extensions>
          </gpxtpx:TrackPointExtension>
        </extensions>
      </trkpt>
      <trkpt lat="50.921234" lon="-114.117114">
        <ele>1104</ele>
        <extensions>
          <gpxtpx:TrackPointExtension>
            <gpxtpx:Extensions>
              <highway>cycleway</highway>
              <surface>asphalt</surface>
              <foot>yes</foot>
              <bicycle>yes</bicycle>
            </gpxtpx:Extensions>
          </gpxtpx:TrackPointExtension>
        </extensions>
      </trkpt>
      <trkpt lat="50.921231" lon="-114.115362">
        <ele>1101.5</ele>
        <extensions>
          <gpxtpx:TrackPointExtension>
            <gpxtpx:Extensions>
              <highway>footway</highway>
              <surface>concrete</surface>
              <footway>sidewalk</footway>
            </gpxtpx:Extensions>
          </gpxtpx:TrackPointExtension>
        </extensions>
      </trkpt>
      <trkpt lat="50.921225" lon="-114.115338">
        <ele>1101.5</ele>
        <extensions>
          <gpxtpx:TrackPointExtension>
            <gpxtpx:Extensions>
              <highway>footway</highway>
              <footway>crossing</footway>
            </gpxtpx:Extensions>
          </gpxtpx:TrackPointExtension>
        </extensions>
      </trkpt>
      <trkpt lat="50.921227" lon="-114.115217">
        <ele>1101.25</ele>
        <extensions>
          <gpxtpx:TrackPointExtension>
            <gpxtpx:Extensions>
              <reversedirection>yes</reversedirection>
              <highway>residential</highway>
              <surface>asphalt</surface>
            </gpxtpx:Extensions>
          </gpxtpx:TrackPointExtension>
        </extensions>
      </trkpt>
      <trkpt lat="50.921278" lon="-114.115217">
        <ele>1101.25</ele>
        <extensions>
          <gpxtpx:TrackPointExtension>
            <gpxtpx:Extensions>
              <reversedirection>yes</reversedirection>
              <highway>residential</highway>
              <surface>asphalt</surface>
            </gpxtpx:Extensions>
          </gpxtpx:TrackPointExtension>
        </extensions>
      </trkpt>
      <trkpt lat="50.921299" lon="-114.115217">
        <ele>1101.25</ele>
        <extensions>
          <gpxtpx:TrackPointExtension>
            <gpxtpx:Extensions>
              <reversedirection>yes</reversedirection>
              <highway>residential</highway>
              <surface>asphalt</surface>
            </gpxtpx:Extensions>
          </gpxtpx:TrackPointExtension>
        </extensions>
      </trkpt>
      <trkpt lat="50.921393" lon="-114.115218">
        <ele>1101.25</ele>
        <extensions>
          <gpxtpx:TrackPointExtension>
            <gpxtpx:Extensions>
              <reversedirection>yes</reversedirection>
              <highway>service</highway>
              <surface>asphalt</surface>
              <service>parking_aisle</service>
            </gpxtpx:Extensions>
          </gpxtpx:TrackPointExtension>
        </extensions>
      </trkpt>
      <trkpt lat="50.921427" lon="-114.115213">
        <ele>1101.25</ele>
        <extensions>
          <gpxtpx:TrackPointExtension>
            <gpxtpx:Extensions>
              <reversedirection>yes</reversedirection>
              <highway>service</highway>
              <surface>asphalt</surface>
              <service>parking_aisle</service>
            </gpxtpx:Extensions>
          </gpxtpx:TrackPointExtension>
        </extensions>
      </trkpt>
      <trkpt lat="50.921457" lon="-114.115207">
        <ele>1101.25</ele>
        <extensions>
          <gpxtpx:TrackPointExtension>
            <gpxtpx:Extensions>
              <highway>footway</highway>
              <footway>crossing</footway>
            </gpxtpx:Extensions>
          </gpxtpx:TrackPointExtension>
        </extensions>
      </trkpt>
      <trkpt lat="50.921456" lon="-114.115075">
        <ele>1101</ele>
        <extensions>
          <gpxtpx:TrackPointExtension>
            <gpxtpx:Extensions>
              <reversedirection>yes</reversedirection>
              <highway>cycleway</highway>
              <surface>asphalt</surface>
              <foot>yes</foot>
              <bicycle>yes</bicycle>
            </gpxtpx:Extensions>
          </gpxtpx:TrackPointExtension>
        </extensions>
      </trkpt>
      <trkpt lat="50.921455" lon="-114.113861">
        <ele>1098</ele>
        <extensions>
          <gpxtpx:TrackPointExtension>
            <gpxtpx:Extensions>
              <reversedirection>yes</reversedirection>
              <highway>cycleway</highway>
              <surface>asphalt</surface>
              <foot>yes</foot>
              <bicycle>yes</bicycle>
            </gpxtpx:Extensions>
          </gpxtpx:TrackPointExtension>
        </extensions>
      </trkpt>
      <trkpt lat="50.921457" lon="-114.113326">
        <ele>1096.25</ele>
        <extensions>
          <gpxtpx:TrackPointExtension>
            <gpxtpx:Extensions>
              <reversedirection>yes</reversedirection>
              <highway>service</highway>
            </gpxtpx:Extensions>
          </gpxtpx:TrackPointExtension>
        </extensions>
      </trkpt>
      <trkpt lat="50.921419" lon="-114.113325">
        <ele>1096.25</ele>
        <extensions>
          <gpxtpx:TrackPointExtension>
            <gpxtpx:Extensions>
              <highway>service</highway>
            </gpxtpx:Extensions>
          </gpxtpx:TrackPointExtension>
        </extensions>
      </trkpt>
      <trkpt lat="50.921457" lon="-114.113326">
        <ele>1096.25</ele>
        <extensions>
          <gpxtpx:TrackPointExtension>
            <gpxtpx:Extensions>
              <highway>service</highway>
            </gpxtpx:Extensions>
          </gpxtpx:TrackPointExtension>
        </extensions>
      </trkpt>
      <trkpt lat="50.92157" lon="-114.113321">
        <ele>1096</ele>
        <extensions>
          <gpxtpx:TrackPointExtension>
            <gpxtpx:Extensions>
              <reversedirection>yes</reversedirection>
              <highway>service</highway>
              <service>parking_aisle</service>
            </gpxtpx:Extensions>
          </gpxtpx:TrackPointExtension>
        </extensions>
      </trkpt>
      <trkpt lat="50.92195" lon="-114.1128">
        <ele>1092.5</ele>
        <extensions>
          <gpxtpx:TrackPointExtension>
            <gpxtpx:Extensions>
              <reversedirection>yes</reversedirection>
              <highway>service</highway>
              <service>parking_aisle</service>
            </gpxtpx:Extensions>
          </gpxtpx:TrackPointExtension>
        </extensions>
      </trkpt>
      <trkpt lat="50.921999" lon="-114.112795">
        <ele>1092.25</ele>
        <extensions>
          <gpxtpx:TrackPointExtension>
            <gpxtpx:Extensions>
              <reversedirection>yes</reversedirection>
              <highway>service</highway>
              <service>parking_aisle</service>
            </gpxtpx:Extensions>
          </gpxtpx:TrackPointExtension>
        </extensions>
      </trkpt>
      <trkpt lat="50.922008" lon="-114.112793">
        <ele>1092.25</ele>
        <extensions>
          <gpxtpx:TrackPointExtension>
            <gpxtpx:Extensions>
              <highway>footway</highway>
              <surface>asphalt</surface>
              <maxspeed>20</maxspeed>
              <bicycle>yes</bicycle>
            </gpxtpx:Extensions>
          </gpxtpx:TrackPointExtension>
        </extensions>
      </trkpt>
      <trkpt lat="50.922029" lon="-114.112704">
        <ele>1091.75</ele>
        <extensions>
          <gpxtpx:TrackPointExtension>
            <gpxtpx:Extensions>
              <highway>footway</highway>
              <surface>asphalt</surface>
              <maxspeed>20</maxspeed>
              <bicycle>yes</bicycle>
            </gpxtpx:Extensions>
          </gpxtpx:TrackPointExtension>
        </extensions>
      </trkpt>
      <trkpt lat="50.922115" lon="-114.112493">
        <ele>1090</ele>
        <extensions>
          <gpxtpx:TrackPointExtension>
            <gpxtpx:Extensions>
              <highway>footway</highway>
              <surface>asphalt</surface>
              <maxspeed>20</maxspeed>
              <bicycle>yes</bicycle>
            </gpxtpx:Extensions>
          </gpxtpx:TrackPointExtension>
        </extensions>
      </trkpt>
      <trkpt lat="50.922147" lon="-114.112335">
        <ele>1089</ele>
        <extensions>
          <gpxtpx:TrackPointExtension>
            <gpxtpx:Extensions>
              <highway>footway</highway>
              <surface>asphalt</surface>
              <maxspeed>20</maxspeed>
              <bicycle>yes</bicycle>
            </gpxtpx:Extensions>
          </gpxtpx:TrackPointExtension>
        </extensions>
      </trkpt>
      <trkpt lat="50.922155" lon="-114.112186">
        <ele>1088.25</ele>
        <extensions>
          <gpxtpx:TrackPointExtension>
            <gpxtpx:Extensions>
              <highway>footway</highway>
              <surface>asphalt</surface>
              <maxspeed>20</maxspeed>
              <bicycle>yes</bicycle>
            </gpxtpx:Extensions>
          </gpxtpx:TrackPointExtension>
        </extensions>
      </trkpt>
      <trkpt lat="50.922169" lon="-114.112059">
        <ele>1087.5</ele>
        <extensions>
          <gpxtpx:TrackPointExtension>
            <gpxtpx:Extensions>
              <highway>footway</highway>
              <surface>asphalt</surface>
              <maxspeed>20</maxspeed>
              <bicycle>yes</bicycle>
            </gpxtpx:Extensions>
          </gpxtpx:TrackPointExtension>
        </extensions>
      </trkpt>
      <trkpt lat="50.922218" lon="-114.111914">
        <ele>1086.25</ele>
        <extensions>
          <gpxtpx:TrackPointExtension>
            <gpxtpx:Extensions>
              <highway>footway</highway>
              <surface>asphalt</surface>
              <maxspeed>20</maxspeed>
              <bicycle>yes</bicycle>
            </gpxtpx:Extensions>
          </gpxtpx:TrackPointExtension>
        </extensions>
      </trkpt>
      <trkpt lat="50.922236" lon="-114.111878">
        <ele>1085.75</ele>
        <extensions>
          <gpxtpx:TrackPointExtension>
            <gpxtpx:Extensions>
              <highway>footway</highway>
              <surface>asphalt</surface>
              <maxspeed>20</maxspeed>
              <bicycle>yes</bicycle>
            </gpxtpx:Extensions>
          </gpxtpx:TrackPointExtension>
        </extensions>
      </trkpt>
      <trkpt lat="50.922264" lon="-114.11183">
        <ele>1085.25</ele>
        <extensions>
          <gpxtpx:TrackPointExtension>
            <gpxtpx:Extensions>
              <highway>footway</highway>
              <surface>asphalt</surface>
              <maxspeed>20</maxspeed>
              <bicycle>yes</bicycle>
            </gpxtpx:Extensions>
          </gpxtpx:TrackPointExtension>
        </extensions>
      </trkpt>
      <trkpt lat="50.922378" lon="-114.111723">
        <ele>1083.5</ele>
        <extensions>
          <gpxtpx:TrackPointExtension>
            <gpxtpx:Extensions>
              <highway>footway</highway>
              <surface>asphalt</surface>
              <maxspeed>20</maxspeed>
              <bicycle>yes</bicycle>
            </gpxtpx:Extensions>
          </gpxtpx:TrackPointExtension>
        </extensions>
      </trkpt>
      <trkpt lat="50.922435" lon="-114.111657">
        <ele>1082.5</ele>
        <extensions>
          <gpxtpx:TrackPointExtension>
            <gpxtpx:Extensions>
              <highway>footway</highway>
              <surface>asphalt</surface>
              <maxspeed>20</maxspeed>
              <bicycle>yes</bicycle>
            </gpxtpx:Extensions>
          </gpxtpx:TrackPointExtension>
        </extensions>
      </trkpt>
      <trkpt lat="50.922471" lon="-114.111596">
        <ele>1082</ele>
        <extensions>
          <gpxtpx:TrackPointExtension>
            <gpxtpx:Extensions>
              <highway>footway</highway>
              <surface>asphalt</surface>
              <maxspeed>20</maxspeed>
              <bicycle>yes</bicycle>
            </gpxtpx:Extensions>
          </gpxtpx:TrackPointExtension>
        </extensions>
      </trkpt>
      <trkpt lat="50.922523" lon="-114.111476">
        <ele>1081.5</ele>
        <extensions>
          <gpxtpx:TrackPointExtension>
            <gpxtpx:Extensions>
              <highway>footway</highway>
              <surface>asphalt</surface>
              <maxspeed>20</maxspeed>
              <bicycle>yes</bicycle>
            </gpxtpx:Extensions>
          </gpxtpx:TrackPointExtension>
        </extensions>
      </trkpt>
      <trkpt lat="50.922561" lon="-114.111407">
        <ele>1080.75</ele>
        <extensions>
          <gpxtpx:TrackPointExtension>
            <gpxtpx:Extensions>
              <highway>footway</highway>
              <surface>asphalt</surface>
              <maxspeed>20</maxspeed>
              <bicycle>yes</bicycle>
            </gpxtpx:Extensions>
          </gpxtpx:TrackPointExtension>
        </extensions>
      </trkpt>
      <trkpt lat="50.922687" lon="-114.111234">
        <ele>1079.25</ele>
        <extensions>
          <gpxtpx:TrackPointExtension>
            <gpxtpx:Extensions>
              <highway>footway</highway>
              <surface>asphalt</surface>
              <maxspeed>20</maxspeed>
              <bicycle>yes</bicycle>
            </gpxtpx:Extensions>
          </gpxtpx:TrackPointExtension>
        </extensions>
      </trkpt>
      <trkpt lat="50.922729" lon="-114.111191">
        <ele>1078.75</ele>
        <extensions>
          <gpxtpx:TrackPointExtension>
            <gpxtpx:Extensions>
              <highway>footway</highway>
              <surface>asphalt</surface>
              <maxspeed>20</maxspeed>
              <bicycle>yes</bicycle>
            </gpxtpx:Extensions>
          </gpxtpx:TrackPointExtension>
        </extensions>
      </trkpt>
      <trkpt lat="50.922771" lon="-114.111084">
        <ele>1078.25</ele>
        <extensions>
          <gpxtpx:TrackPointExtension>
            <gpxtpx:Extensions>
              <highway>footway</highway>
              <surface>asphalt</surface>
              <maxspeed>20</maxspeed>
              <bicycle>yes</bicycle>
            </gpxtpx:Extensions>
          </gpxtpx:TrackPointExtension>
        </extensions>
      </trkpt>
      <trkpt lat="50.922816" lon="-114.111038">
        <ele>1077.5</ele>
        <extensions>
          <gpxtpx:TrackPointExtension>
            <gpxtpx:Extensions>
              <highway>footway</highway>
              <surface>asphalt</surface>
              <maxspeed>20</maxspeed>
              <bicycle>yes</bicycle>
            </gpxtpx:Extensions>
          </gpxtpx:TrackPointExtension>
        </extensions>
      </trkpt>
      <trkpt lat="50.922905" lon="-114.11099">
        <ele>1076.5</ele>
        <extensions>
          <gpxtpx:TrackPointExtension>
            <gpxtpx:Extensions>
              <highway>footway</highway>
              <surface>asphalt</surface>
              <maxspeed>20</maxspeed>
              <bicycle>yes</bicycle>
            </gpxtpx:Extensions>
          </gpxtpx:TrackPointExtension>
        </extensions>
      </trkpt>
      <trkpt lat="50.922946" lon="-114.110987">
        <ele>1076.25</ele>
        <extensions>
          <gpxtpx:TrackPointExtension>
            <gpxtpx:Extensions>
              <reversedirection>yes</reversedirection>
              <highway>path</highway>
            </gpxtpx:Extensions>
          </gpxtpx:TrackPointExtension>
        </extensions>
      </trkpt>
      <trkpt lat="50.922949" lon="-114.111003">
        <ele>1076</ele>
        <extensions>
          <gpxtpx:TrackPointExtension>
            <gpxtpx:Extensions>
              <highway>path</highway>
            </gpxtpx:Extensions>
          </gpxtpx:TrackPointExtension>
        </extensions>
      </trkpt>
      <trkpt lat="50.922946" lon="-114.110987">
        <ele>1076.25</ele>
        <extensions>
          <gpxtpx:TrackPointExtension>
            <gpxtpx:Extensions>
              <highway>footway</highway>
              <surface>asphalt</surface>
              <maxspeed>20</maxspeed>
              <bicycle>yes</bicycle>
            </gpxtpx:Extensions>
          </gpxtpx:TrackPointExtension>
        </extensions>
      </trkpt>
      <trkpt lat="50.923062" lon="-114.111113">
        <ele>1075</ele>
        <extensions>
          <gpxtpx:TrackPointExtension>
            <gpxtpx:Extensions>
              <highway>footway</highway>
              <surface>asphalt</surface>
              <maxspeed>20</maxspeed>
              <bicycle>yes</bicycle>
            </gpxtpx:Extensions>
          </gpxtpx:TrackPointExtension>
        </extensions>
      </trkpt>
      <trkpt lat="50.923099" lon="-114.11114">
        <ele>1074.5</ele>
        <extensions>
          <gpxtpx:TrackPointExtension>
            <gpxtpx:Extensions>
              <highway>footway</highway>
              <surface>asphalt</surface>
              <maxspeed>20</maxspeed>
              <bicycle>yes</bicycle>
            </gpxtpx:Extensions>
          </gpxtpx:TrackPointExtension>
        </extensions>
      </trkpt>
      <trkpt lat="50.923162" lon="-114.11122">
        <ele>1073.75</ele>
        <extensions>
          <gpxtpx:TrackPointExtension>
            <gpxtpx:Extensions>
              <highway>footway</highway>
              <surface>asphalt</surface>
              <maxspeed>20</maxspeed>
              <bicycle>yes</bicycle>
            </gpxtpx:Extensions>
          </gpxtpx:TrackPointExtension>
        </extensions>
      </trkpt>
      <trkpt lat="50.923249" lon="-114.111558">
        <ele>1073</ele>
        <extensions>
          <gpxtpx:TrackPointExtension>
            <gpxtpx:Extensions>
              <highway>footway</highway>
              <surface>asphalt</surface>
              <maxspeed>20</maxspeed>
              <bicycle>yes</bicycle>
            </gpxtpx:Extensions>
          </gpxtpx:TrackPointExtension>
        </extensions>
      </trkpt>
      <trkpt lat="50.923333" lon="-114.111694">
        <ele>1072</ele>
        <extensions>
          <gpxtpx:TrackPointExtension>
            <gpxtpx:Extensions>
              <highway>footway</highway>
              <surface>asphalt</surface>
              <maxspeed>20</maxspeed>
              <bicycle>yes</bicycle>
            </gpxtpx:Extensions>
          </gpxtpx:TrackPointExtension>
        </extensions>
      </trkpt>
      <trkpt lat="50.923735" lon="-114.11179">
        <ele>1074.25</ele>
        <extensions>
          <gpxtpx:TrackPointExtension>
            <gpxtpx:Extensions>
              <highway>footway</highway>
              <surface>asphalt</surface>
              <maxspeed>20</maxspeed>
              <bicycle>yes</bicycle>
            </gpxtpx:Extensions>
          </gpxtpx:TrackPointExtension>
        </extensions>
      </trkpt>
      <trkpt lat="50.923759" lon="-114.111795">
        <ele>1074.5</ele>
        <extensions>
          <gpxtpx:TrackPointExtension>
            <gpxtpx:Extensions>
              <highway>footway</highway>
              <surface>asphalt</surface>
              <maxspeed>20</maxspeed>
              <bicycle>yes</bicycle>
            </gpxtpx:Extensions>
          </gpxtpx:TrackPointExtension>
        </extensions>
      </trkpt>
      <trkpt lat="50.923863" lon="-114.111762">
        <ele>1075</ele>
        <extensions>
          <gpxtpx:TrackPointExtension>
            <gpxtpx:Extensions>
              <highway>footway</highway>
              <surface>asphalt</surface>
              <maxspeed>20</maxspeed>
              <bicycle>yes</bicycle>
            </gpxtpx:Extensions>
          </gpxtpx:TrackPointExtension>
        </extensions>
      </trkpt>
      <trkpt lat="50.923947" lon="-114.111659">
        <ele>1075.5</ele>
        <extensions>
          <gpxtpx:TrackPointExtension>
            <gpxtpx:Extensions>
              <highway>footway</highway>
              <surface>asphalt</surface>
              <maxspeed>20</maxspeed>
              <bicycle>yes</bicycle>
            </gpxtpx:Extensions>
          </gpxtpx:TrackPointExtension>
        </extensions>
      </trkpt>
      <trkpt lat="50.923983" lon="-114.111533">
        <ele>1075.5</ele>
        <extensions>
          <gpxtpx:TrackPointExtension>
            <gpxtpx:Extensions>
              <highway>footway</highway>
              <surface>asphalt</surface>
              <maxspeed>20</maxspeed>
              <bicycle>yes</bicycle>
            </gpxtpx:Extensions>
          </gpxtpx:TrackPointExtension>
        </extensions>
      </trkpt>
      <trkpt lat="50.924012" lon="-114.111286">
        <ele>1075.25</ele>
        <extensions>
          <gpxtpx:TrackPointExtension>
            <gpxtpx:Extensions>
              <highway>footway</highway>
              <surface>asphalt</surface>
              <maxspeed>20</maxspeed>
              <bicycle>yes</bicycle>
            </gpxtpx:Extensions>
          </gpxtpx:TrackPointExtension>
        </extensions>
      </trkpt>
      <trkpt lat="50.924022" lon="-114.111077">
        <ele>1074.75</ele>
        <extensions>
          <gpxtpx:TrackPointExtension>
            <gpxtpx:Extensions>
              <highway>footway</highway>
              <surface>asphalt</surface>
              <maxspeed>20</maxspeed>
              <bicycle>yes</bicycle>
            </gpxtpx:Extensions>
          </gpxtpx:TrackPointExtension>
        </extensions>
      </trkpt>
      <trkpt lat="50.924046" lon="-114.110781">
        <ele>1074.25</ele>
        <extensions>
          <gpxtpx:TrackPointExtension>
            <gpxtpx:Extensions>
              <highway>footway</highway>
              <surface>asphalt</surface>
              <maxspeed>20</maxspeed>
              <bicycle>yes</bicycle>
            </gpxtpx:Extensions>
          </gpxtpx:TrackPointExtension>
        </extensions>
      </trkpt>
      <trkpt lat="50.924086" lon="-114.110517">
        <ele>1073.5</ele>
        <extensions>
          <gpxtpx:TrackPointExtension>
            <gpxtpx:Extensions>
              <highway>footway</highway>
              <surface>asphalt</surface>
              <maxspeed>20</maxspeed>
              <bicycle>yes</bicycle>
            </gpxtpx:Extensions>
          </gpxtpx:TrackPointExtension>
        </extensions>
      </trkpt>
      <trkpt lat="50.92418" lon="-114.110085">
        <ele>1072.25</ele>
        <extensions>
          <gpxtpx:TrackPointExtension>
            <gpxtpx:Extensions>
              <highway>footway</highway>
              <surface>asphalt</surface>
              <maxspeed>20</maxspeed>
              <bicycle>yes</bicycle>
            </gpxtpx:Extensions>
          </gpxtpx:TrackPointExtension>
        </extensions>
      </trkpt>
      <trkpt lat="50.92424" lon="-114.109865">
        <ele>1071</ele>
        <extensions>
          <gpxtpx:TrackPointExtension>
            <gpxtpx:Extensions>
              <highway>footway</highway>
              <surface>asphalt</surface>
              <maxspeed>20</maxspeed>
              <bicycle>yes</bicycle>
            </gpxtpx:Extensions>
          </gpxtpx:TrackPointExtension>
        </extensions>
      </trkpt>
      <trkpt lat="50.924299" lon="-114.109696">
        <ele>1070.25</ele>
        <extensions>
          <gpxtpx:TrackPointExtension>
            <gpxtpx:Extensions>
              <highway>footway</highway>
              <surface>asphalt</surface>
              <maxspeed>20</maxspeed>
              <bicycle>yes</bicycle>
            </gpxtpx:Extensions>
          </gpxtpx:TrackPointExtension>
        </extensions>
      </trkpt>
      <trkpt lat="50.924395" lon="-114.109457">
        <ele>1069.25</ele>
        <extensions>
          <gpxtpx:TrackPointExtension>
            <gpxtpx:Extensions>
              <highway>footway</highway>
              <surface>asphalt</surface>
              <maxspeed>20</maxspeed>
              <bicycle>yes</bicycle>
            </gpxtpx:Extensions>
          </gpxtpx:TrackPointExtension>
        </extensions>
      </trkpt>
      <trkpt lat="50.924493" lon="-114.109178">
        <ele>1068.25</ele>
        <extensions>
          <gpxtpx:TrackPointExtension>
            <gpxtpx:Extensions>
              <highway>footway</highway>
              <surface>asphalt</surface>
              <maxspeed>20</maxspeed>
              <bicycle>yes</bicycle>
            </gpxtpx:Extensions>
          </gpxtpx:TrackPointExtension>
        </extensions>
      </trkpt>
      <trkpt lat="50.924578" lon="-114.10899">
        <ele>1068</ele>
        <extensions>
          <gpxtpx:TrackPointExtension>
            <gpxtpx:Extensions>
              <highway>footway</highway>
              <surface>asphalt</surface>
              <maxspeed>20</maxspeed>
              <bicycle>yes</bicycle>
            </gpxtpx:Extensions>
          </gpxtpx:TrackPointExtension>
        </extensions>
      </trkpt>
      <trkpt lat="50.924745" lon="-114.108679">
        <ele>1067.75</ele>
        <extensions>
          <gpxtpx:TrackPointExtension>
            <gpxtpx:Extensions>
              <highway>footway</highway>
              <surface>asphalt</surface>
              <maxspeed>20</maxspeed>
              <bicycle>yes</bicycle>
            </gpxtpx:Extensions>
          </gpxtpx:TrackPointExtension>
        </extensions>
      </trkpt>
      <trkpt lat="50.925045" lon="-114.108158">
        <ele>1068.25</ele>
        <extensions>
          <gpxtpx:TrackPointExtension>
            <gpxtpx:Extensions>
              <highway>footway</highway>
              <surface>asphalt</surface>
              <maxspeed>20</maxspeed>
              <bicycle>yes</bicycle>
            </gpxtpx:Extensions>
          </gpxtpx:TrackPointExtension>
        </extensions>
      </trkpt>
      <trkpt lat="50.925139" lon="-114.10801">
        <ele>1067.5</ele>
        <extensions>
          <gpxtpx:TrackPointExtension>
            <gpxtpx:Extensions>
              <highway>footway</highway>
              <surface>asphalt</surface>
              <maxspeed>20</maxspeed>
              <bicycle>yes</bicycle>
            </gpxtpx:Extensions>
          </gpxtpx:TrackPointExtension>
        </extensions>
      </trkpt>
      <trkpt lat="50.925208" lon="-114.107922">
        <ele>1067</ele>
        <extensions>
          <gpxtpx:TrackPointExtension>
            <gpxtpx:Extensions>
              <highway>footway</highway>
              <surface>asphalt</surface>
              <maxspeed>20</maxspeed>
              <bicycle>yes</bicycle>
            </gpxtpx:Extensions>
          </gpxtpx:TrackPointExtension>
        </extensions>
      </trkpt>
      <trkpt lat="50.925251" lon="-114.107877">
        <ele>1066.5</ele>
        <extensions>
          <gpxtpx:TrackPointExtension>
            <gpxtpx:Extensions>
              <highway>footway</highway>
              <surface>asphalt</surface>
              <maxspeed>20</maxspeed>
              <bicycle>yes</bicycle>
            </gpxtpx:Extensions>
          </gpxtpx:TrackPointExtension>
        </extensions>
      </trkpt>
      <trkpt lat="50.925352" lon="-114.107769">
        <ele>1066</ele>
        <extensions>
          <gpxtpx:TrackPointExtension>
            <gpxtpx:Extensions>
              <highway>footway</highway>
              <surface>asphalt</surface>
              <maxspeed>20</maxspeed>
              <bicycle>yes</bicycle>
            </gpxtpx:Extensions>
          </gpxtpx:TrackPointExtension>
        </extensions>
      </trkpt>
      <trkpt lat="50.925593" lon="-114.107535">
        <ele>1064.75</ele>
        <extensions>
          <gpxtpx:TrackPointExtension>
            <gpxtpx:Extensions>
              <highway>footway</highway>
              <surface>asphalt</surface>
              <maxspeed>20</maxspeed>
              <bicycle>yes</bicycle>
            </gpxtpx:Extensions>
          </gpxtpx:TrackPointExtension>
        </extensions>
      </trkpt>
      <trkpt lat="50.925786" lon="-114.107406">
        <ele>1064.25</ele>
        <extensions>
          <gpxtpx:TrackPointExtension>
            <gpxtpx:Extensions>
              <highway>footway</highway>
              <surface>asphalt</surface>
              <maxspeed>20</maxspeed>
              <bicycle>yes</bicycle>
            </gpxtpx:Extensions>
          </gpxtpx:TrackPointExtension>
        </extensions>
      </trkpt>
      <trkpt lat="50.925971" lon="-114.107334">
        <ele>1063.75</ele>
        <extensions>
          <gpxtpx:TrackPointExtension>
            <gpxtpx:Extensions>
              <highway>footway</highway>
              <surface>asphalt</surface>
              <maxspeed>20</maxspeed>
              <bicycle>yes</bicycle>
            </gpxtpx:Extensions>
          </gpxtpx:TrackPointExtension>
        </extensions>
      </trkpt>
      <trkpt lat="50.926" lon="-114.107303">
        <ele>1063.75</ele>
        <extensions>
          <gpxtpx:TrackPointExtension>
            <gpxtpx:Extensions>
              <highway>footway</highway>
              <surface>asphalt</surface>
              <maxspeed>20</maxspeed>
              <bicycle>yes</bicycle>
            </gpxtpx:Extensions>
          </gpxtpx:TrackPointExtension>
        </extensions>
      </trkpt>
      <trkpt lat="50.926096" lon="-114.107182">
        <ele>1063.75</ele>
        <extensions>
          <gpxtpx:TrackPointExtension>
            <gpxtpx:Extensions>
              <highway>footway</highway>
              <surface>asphalt</surface>
              <maxspeed>20</maxspeed>
              <bicycle>yes</bicycle>
            </gpxtpx:Extensions>
          </gpxtpx:TrackPointExtension>
        </extensions>
      </trkpt>
      <trkpt lat="50.92616" lon="-114.107043">
        <ele>1063.75</ele>
        <extensions>
          <gpxtpx:TrackPointExtension>
            <gpxtpx:Extensions>
              <highway>footway</highway>
              <surface>asphalt</surface>
              <maxspeed>20</maxspeed>
              <bicycle>yes</bicycle>
            </gpxtpx:Extensions>
          </gpxtpx:TrackPointExtension>
        </extensions>
      </trkpt>
      <trkpt lat="50.926246" lon="-114.106917">
        <ele>1063.75</ele>
        <extensions>
          <gpxtpx:TrackPointExtension>
            <gpxtpx:Extensions>
              <highway>footway</highway>
              <surface>asphalt</surface>
              <maxspeed>20</maxspeed>
              <bicycle>yes</bicycle>
            </gpxtpx:Extensions>
          </gpxtpx:TrackPointExtension>
        </extensions>
      </trkpt>
      <trkpt lat="50.926262" lon="-114.106893">
        <ele>1064</ele>
        <extensions>
          <gpxtpx:TrackPointExtension>
            <gpxtpx:Extensions>
              <highway>footway</highway>
              <surface>asphalt</surface>
              <maxspeed>20</maxspeed>
              <foot>yes</foot>
              <bicycle>dismount</bicycle>
            </gpxtpx:Extensions>
          </gpxtpx:TrackPointExtension>
        </extensions>
      </trkpt>
      <trkpt lat="50.926475" lon="-114.106646">
        <ele>1064.25</ele>
        <extensions>
          <gpxtpx:TrackPointExtension>
            <gpxtpx:Extensions>
              <highway>footway</highway>
              <surface>asphalt</surface>
              <maxspeed>20</maxspeed>
              <foot>yes</foot>
              <bicycle>dismount</bicycle>
            </gpxtpx:Extensions>
          </gpxtpx:TrackPointExtension>
        </extensions>
      </trkpt>
      <trkpt lat="50.926545" lon="-114.10663">
        <ele>1064.25</ele>
        <extensions>
          <gpxtpx:TrackPointExtension>
            <gpxtpx:Extensions>
              <highway>footway</highway>
              <surface>asphalt</surface>
              <maxspeed>20</maxspeed>
              <foot>yes</foot>
              <bicycle>dismount</bicycle>
            </gpxtpx:Extensions>
          </gpxtpx:TrackPointExtension>
        </extensions>
      </trkpt>
      <trkpt lat="50.926594" lon="-114.106764">
        <ele>1063.75</ele>
        <extensions>
          <gpxtpx:TrackPointExtension>
            <gpxtpx:Extensions>
              <highway>footway</highway>
              <surface>asphalt</surface>
              <maxspeed>20</maxspeed>
              <foot>yes</foot>
              <bicycle>dismount</bicycle>
            </gpxtpx:Extensions>
          </gpxtpx:TrackPointExtension>
        </extensions>
      </trkpt>
      <trkpt lat="50.926598" lon="-114.106785">
        <ele>1063.5</ele>
        <extensions>
          <gpxtpx:TrackPointExtension>
            <gpxtpx:Extensions>
              <highway>footway</highway>
              <surface>asphalt</surface>
              <maxspeed>20</maxspeed>
              <foot>yes</foot>
              <bicycle>dismount</bicycle>
            </gpxtpx:Extensions>
          </gpxtpx:TrackPointExtension>
        </extensions>
      </trkpt>
      <trkpt lat="50.926612" lon="-114.106842">
        <ele>1063.5</ele>
        <extensions>
          <gpxtpx:TrackPointExtension>
            <gpxtpx:Extensions>
              <highway>footway</highway>
              <surface>asphalt</surface>
              <maxspeed>20</maxspeed>
              <foot>yes</foot>
              <bicycle>dismount</bicycle>
            </gpxtpx:Extensions>
          </gpxtpx:TrackPointExtension>
        </extensions>
      </trkpt>
      <trkpt lat="50.926625" lon="-114.107043">
        <ele>1063</ele>
        <extensions>
          <gpxtpx:TrackPointExtension>
            <gpxtpx:Extensions>
              <highway>footway</highway>
              <surface>asphalt</surface>
              <maxspeed>20</maxspeed>
              <foot>yes</foot>
              <bicycle>dismount</bicycle>
            </gpxtpx:Extensions>
          </gpxtpx:TrackPointExtension>
        </extensions>
      </trkpt>
      <trkpt lat="50.926634" lon="-114.107129">
        <ele>1062.75</ele>
        <extensions>
          <gpxtpx:TrackPointExtension>
            <gpxtpx:Extensions>
              <highway>footway</highway>
              <surface>asphalt</surface>
              <maxspeed>20</maxspeed>
              <foot>yes</foot>
              <bicycle>dismount</bicycle>
            </gpxtpx:Extensions>
          </gpxtpx:TrackPointExtension>
        </extensions>
      </trkpt>
      <trkpt lat="50.926649" lon="-114.107201">
        <ele>1062.75</ele>
        <extensions>
          <gpxtpx:TrackPointExtension>
            <gpxtpx:Extensions>
              <highway>footway</highway>
              <surface>asphalt</surface>
              <maxspeed>20</maxspeed>
              <foot>yes</foot>
              <bicycle>dismount</bicycle>
            </gpxtpx:Extensions>
          </gpxtpx:TrackPointExtension>
        </extensions>
      </trkpt>
      <trkpt lat="50.926671" lon="-114.107263">
        <ele>1062.5</ele>
        <extensions>
          <gpxtpx:TrackPointExtension>
            <gpxtpx:Extensions>
              <highway>footway</highway>
              <surface>asphalt</surface>
              <maxspeed>20</maxspeed>
              <foot>yes</foot>
              <bicycle>dismount</bicycle>
            </gpxtpx:Extensions>
          </gpxtpx:TrackPointExtension>
        </extensions>
      </trkpt>
      <trkpt lat="50.926707" lon="-114.107321">
        <ele>1062.25</ele>
        <extensions>
          <gpxtpx:TrackPointExtension>
            <gpxtpx:Extensions>
              <reversedirection>yes</reversedirection>
              <highway>footway</highway>
              <surface>asphalt</surface>
              <foot>designated</foot>
              <bicycle>designated</bicycle>
              <segregated>no</segregated>
            </gpxtpx:Extensions>
          </gpxtpx:TrackPointExtension>
        </extensions>
      </trkpt>
      <trkpt lat="50.926659" lon="-114.10754">
        <ele>1061.75</ele>
        <extensions>
          <gpxtpx:TrackPointExtension>
            <gpxtpx:Extensions>
              <reversedirection>yes</reversedirection>
              <highway>footway</highway>
              <surface>asphalt</surface>
              <foot>designated</foot>
              <bicycle>designated</bicycle>
              <segregated>no</segregated>
            </gpxtpx:Extensions>
          </gpxtpx:TrackPointExtension>
        </extensions>
      </trkpt>
      <trkpt lat="50.926614" lon="-114.107687">
        <ele>1061.5</ele>
        <extensions>
          <gpxtpx:TrackPointExtension>
            <gpxtpx:Extensions>
              <reversedirection>yes</reversedirection>
              <highway>footway</highway>
              <surface>asphalt</surface>
              <foot>designated</foot>
              <bicycle>designated</bicycle>
              <segregated>no</segregated>
            </gpxtpx:Extensions>
          </gpxtpx:TrackPointExtension>
        </extensions>
      </trkpt>
      <trkpt lat="50.926485" lon="-114.108028">
        <ele>1061.25</ele>
        <extensions>
          <gpxtpx:TrackPointExtension>
            <gpxtpx:Extensions>
              <reversedirection>yes</reversedirection>
              <highway>footway</highway>
              <maxspeed>20</maxspeed>
              <foot>yes</foot>
              <bicycle>yes</bicycle>
            </gpxtpx:Extensions>
          </gpxtpx:TrackPointExtension>
        </extensions>
      </trkpt>
      <trkpt lat="50.926438" lon="-114.108129">
        <ele>1061.25</ele>
        <extensions>
          <gpxtpx:TrackPointExtension>
            <gpxtpx:Extensions>
              <reversedirection>yes</reversedirection>
              <highway>footway</highway>
              <maxspeed>20</maxspeed>
              <foot>yes</foot>
              <bicycle>yes</bicycle>
            </gpxtpx:Extensions>
          </gpxtpx:TrackPointExtension>
        </extensions>
      </trkpt>
      <trkpt lat="50.926422" lon="-114.108158">
        <ele>1061.25</ele>
        <extensions>
          <gpxtpx:TrackPointExtension>
            <gpxtpx:Extensions>
              <reversedirection>yes</reversedirection>
              <highway>footway</highway>
              <maxspeed>20</maxspeed>
              <foot>yes</foot>
              <bicycle>yes</bicycle>
            </gpxtpx:Extensions>
          </gpxtpx:TrackPointExtension>
        </extensions>
      </trkpt>
      <trkpt lat="50.926356" lon="-114.108232">
        <ele>1061.25</ele>
        <extensions>
          <gpxtpx:TrackPointExtension>
            <gpxtpx:Extensions>
              <reversedirection>yes</reversedirection>
              <highway>footway</highway>
              <maxspeed>20</maxspeed>
              <foot>yes</foot>
              <bicycle>yes</bicycle>
            </gpxtpx:Extensions>
          </gpxtpx:TrackPointExtension>
        </extensions>
      </trkpt>
      <trkpt lat="50.926332" lon="-114.108259">
        <ele>1061.5</ele>
        <extensions>
          <gpxtpx:TrackPointExtension>
            <gpxtpx:Extensions>
              <reversedirection>yes</reversedirection>
              <highway>footway</highway>
              <maxspeed>20</maxspeed>
              <foot>yes</foot>
              <bicycle>yes</bicycle>
            </gpxtpx:Extensions>
          </gpxtpx:TrackPointExtension>
        </extensions>
      </trkpt>
      <trkpt lat="50.926311" lon="-114.108288">
        <ele>1061.75</ele>
        <extensions>
          <gpxtpx:TrackPointExtension>
            <gpxtpx:Extensions>
              <reversedirection>yes</reversedirection>
              <highway>footway</highway>
              <maxspeed>20</maxspeed>
              <foot>yes</foot>
              <bicycle>yes</bicycle>
            </gpxtpx:Extensions>
          </gpxtpx:TrackPointExtension>
        </extensions>
      </trkpt>
      <trkpt lat="50.92624" lon="-114.108424">
        <ele>1061.75</ele>
        <extensions>
          <gpxtpx:TrackPointExtension>
            <gpxtpx:Extensions>
              <reversedirection>yes</reversedirection>
              <highway>footway</highway>
              <maxspeed>20</maxspeed>
              <foot>yes</foot>
              <bicycle>yes</bicycle>
            </gpxtpx:Extensions>
          </gpxtpx:TrackPointExtension>
        </extensions>
      </trkpt>
      <trkpt lat="50.926216" lon="-114.108488">
        <ele>1061.75</ele>
        <extensions>
          <gpxtpx:TrackPointExtension>
            <gpxtpx:Extensions>
              <reversedirection>yes</reversedirection>
              <highway>footway</highway>
              <maxspeed>20</maxspeed>
              <foot>yes</foot>
              <bicycle>yes</bicycle>
            </gpxtpx:Extensions>
          </gpxtpx:TrackPointExtension>
        </extensions>
      </trkpt>
      <trkpt lat="50.926153" lon="-114.108685">
        <ele>1061.5</ele>
        <extensions>
          <gpxtpx:TrackPointExtension>
            <gpxtpx:Extensions>
              <reversedirection>yes</reversedirection>
              <highway>footway</highway>
              <maxspeed>20</maxspeed>
              <foot>yes</foot>
              <bicycle>yes</bicycle>
            </gpxtpx:Extensions>
          </gpxtpx:TrackPointExtension>
        </extensions>
      </trkpt>
      <trkpt lat="50.926142" lon="-114.108758">
        <ele>1061.5</ele>
        <extensions>
          <gpxtpx:TrackPointExtension>
            <gpxtpx:Extensions>
              <reversedirection>yes</reversedirection>
              <highway>footway</highway>
              <maxspeed>20</maxspeed>
              <foot>yes</foot>
              <bicycle>yes</bicycle>
            </gpxtpx:Extensions>
          </gpxtpx:TrackPointExtension>
        </extensions>
      </trkpt>
      <trkpt lat="50.926144" lon="-114.108853">
        <ele>1061.25</ele>
        <extensions>
          <gpxtpx:TrackPointExtension>
            <gpxtpx:Extensions>
              <reversedirection>yes</reversedirection>
              <highway>footway</highway>
              <maxspeed>20</maxspeed>
              <foot>yes</foot>
              <bicycle>yes</bicycle>
            </gpxtpx:Extensions>
          </gpxtpx:TrackPointExtension>
        </extensions>
      </trkpt>
      <trkpt lat="50.926152" lon="-114.108885">
        <ele>1061</ele>
        <extensions>
          <gpxtpx:TrackPointExtension>
            <gpxtpx:Extensions>
              <reversedirection>yes</reversedirection>
              <highway>footway</highway>
              <maxspeed>20</maxspeed>
              <foot>yes</foot>
              <bicycle>yes</bicycle>
            </gpxtpx:Extensions>
          </gpxtpx:TrackPointExtension>
        </extensions>
      </trkpt>
      <trkpt lat="50.926235" lon="-114.109211">
        <ele>1059.75</ele>
        <extensions>
          <gpxtpx:TrackPointExtension>
            <gpxtpx:Extensions>
              <reversedirection>yes</reversedirection>
              <highway>footway</highway>
              <maxspeed>20</maxspeed>
              <foot>yes</foot>
              <bicycle>yes</bicycle>
            </gpxtpx:Extensions>
          </gpxtpx:TrackPointExtension>
        </extensions>
      </trkpt>
      <trkpt lat="50.926268" lon="-114.109648">
        <ele>1059</ele>
        <extensions>
          <gpxtpx:TrackPointExtension>
            <gpxtpx:Extensions>
              <reversedirection>yes</reversedirection>
              <highway>footway</highway>
              <maxspeed>20</maxspeed>
              <foot>yes</foot>
              <bicycle>yes</bicycle>
            </gpxtpx:Extensions>
          </gpxtpx:TrackPointExtension>
        </extensions>
      </trkpt>
      <trkpt lat="50.926267" lon="-114.109716">
        <ele>1058.75</ele>
        <extensions>
          <gpxtpx:TrackPointExtension>
            <gpxtpx:Extensions>
              <highway>footway</highway>
              <maxspeed>20</maxspeed>
              <foot>yes</foot>
              <bicycle>yes</bicycle>
            </gpxtpx:Extensions>
          </gpxtpx:TrackPointExtension>
        </extensions>
      </trkpt>
      <trkpt lat="50.926307" lon="-114.109732">
        <ele>1058.75</ele>
        <extensions>
          <gpxtpx:TrackPointExtension>
            <gpxtpx:Extensions>
              <highway>footway</highway>
              <maxspeed>20</maxspeed>
              <foot>yes</foot>
              <bicycle>yes</bicycle>
            </gpxtpx:Extensions>
          </gpxtpx:TrackPointExtension>
        </extensions>
      </trkpt>
      <trkpt lat="50.9264" lon="-114.109771">
        <ele>1058.25</ele>
        <extensions>
          <gpxtpx:TrackPointExtension>
            <gpxtpx:Extensions>
              <highway>footway</highway>
              <maxspeed>20</maxspeed>
              <foot>yes</foot>
              <bicycle>yes</bicycle>
            </gpxtpx:Extensions>
          </gpxtpx:TrackPointExtension>
        </extensions>
      </trkpt>
      <trkpt lat="50.926516" lon="-114.109819">
        <ele>1057.75</ele>
        <extensions>
          <gpxtpx:TrackPointExtension>
            <gpxtpx:Extensions>
              <highway>footway</highway>
              <maxspeed>20</maxspeed>
              <foot>yes</foot>
              <bicycle>yes</bicycle>
            </gpxtpx:Extensions>
          </gpxtpx:TrackPointExtension>
        </extensions>
      </trkpt>
      <trkpt lat="50.926603" lon="-114.109873">
        <ele>1057.25</ele>
        <extensions>
          <gpxtpx:TrackPointExtension>
            <gpxtpx:Extensions>
              <highway>footway</highway>
              <maxspeed>20</maxspeed>
              <foot>yes</foot>
              <bicycle>yes</bicycle>
            </gpxtpx:Extensions>
          </gpxtpx:TrackPointExtension>
        </extensions>
      </trkpt>
      <trkpt lat="50.926627" lon="-114.109901">
        <ele>1057.25</ele>
        <extensions>
          <gpxtpx:TrackPointExtension>
            <gpxtpx:Extensions>
              <highway>footway</highway>
              <maxspeed>20</maxspeed>
              <foot>yes</foot>
              <bicycle>yes</bicycle>
            </gpxtpx:Extensions>
          </gpxtpx:TrackPointExtension>
        </extensions>
      </trkpt>
      <trkpt lat="50.926684" lon="-114.110009">
        <ele>1057</ele>
        <extensions>
          <gpxtpx:TrackPointExtension>
            <gpxtpx:Extensions>
              <highway>footway</highway>
              <maxspeed>20</maxspeed>
              <foot>yes</foot>
              <bicycle>yes</bicycle>
            </gpxtpx:Extensions>
          </gpxtpx:TrackPointExtension>
        </extensions>
      </trkpt>
      <trkpt lat="50.926768" lon="-114.110211">
        <ele>1057</ele>
        <extensions>
          <gpxtpx:TrackPointExtension>
            <gpxtpx:Extensions>
              <highway>footway</highway>
              <maxspeed>20</maxspeed>
              <foot>yes</foot>
              <bicycle>yes</bicycle>
            </gpxtpx:Extensions>
          </gpxtpx:TrackPointExtension>
        </extensions>
      </trkpt>
      <trkpt lat="50.926862" lon="-114.110304">
        <ele>1057</ele>
        <extensions>
          <gpxtpx:TrackPointExtension>
            <gpxtpx:Extensions>
              <highway>footway</highway>
              <maxspeed>20</maxspeed>
              <foot>yes</foot>
              <bicycle>yes</bicycle>
            </gpxtpx:Extensions>
          </gpxtpx:TrackPointExtension>
        </extensions>
      </trkpt>
      <trkpt lat="50.926946" lon="-114.110364">
        <ele>1057</ele>
        <extensions>
          <gpxtpx:TrackPointExtension>
            <gpxtpx:Extensions>
              <highway>footway</highway>
              <maxspeed>20</maxspeed>
              <foot>yes</foot>
              <bicycle>yes</bicycle>
            </gpxtpx:Extensions>
          </gpxtpx:TrackPointExtension>
        </extensions>
      </trkpt>
      <trkpt lat="50.927019" lon="-114.110375">
        <ele>1057</ele>
        <extensions>
          <gpxtpx:TrackPointExtension>
            <gpxtpx:Extensions>
              <highway>footway</highway>
              <maxspeed>20</maxspeed>
              <foot>yes</foot>
              <bicycle>yes</bicycle>
            </gpxtpx:Extensions>
          </gpxtpx:TrackPointExtension>
        </extensions>
      </trkpt>
      <trkpt lat="50.927068" lon="-114.110364">
        <ele>1057</ele>
        <extensions>
          <gpxtpx:TrackPointExtension>
            <gpxtpx:Extensions>
              <highway>footway</highway>
              <maxspeed>20</maxspeed>
              <foot>yes</foot>
              <bicycle>yes</bicycle>
            </gpxtpx:Extensions>
          </gpxtpx:TrackPointExtension>
        </extensions>
      </trkpt>
      <trkpt lat="50.927206" lon="-114.110297">
        <ele>1057</ele>
        <extensions>
          <gpxtpx:TrackPointExtension>
            <gpxtpx:Extensions>
              <highway>footway</highway>
              <maxspeed>20</maxspeed>
              <foot>yes</foot>
              <bicycle>yes</bicycle>
            </gpxtpx:Extensions>
          </gpxtpx:TrackPointExtension>
        </extensions>
      </trkpt>
      <trkpt lat="50.92728" lon="-114.110272">
        <ele>1057</ele>
        <extensions>
          <gpxtpx:TrackPointExtension>
            <gpxtpx:Extensions>
              <highway>footway</highway>
              <maxspeed>20</maxspeed>
              <foot>yes</foot>
              <bicycle>yes</bicycle>
            </gpxtpx:Extensions>
          </gpxtpx:TrackPointExtension>
        </extensions>
      </trkpt>
      <trkpt lat="50.927322" lon="-114.110272">
        <ele>1057.25</ele>
        <extensions>
          <gpxtpx:TrackPointExtension>
            <gpxtpx:Extensions>
              <highway>footway</highway>
              <maxspeed>20</maxspeed>
              <foot>yes</foot>
              <bicycle>yes</bicycle>
            </gpxtpx:Extensions>
          </gpxtpx:TrackPointExtension>
        </extensions>
      </trkpt>
      <trkpt lat="50.927503" lon="-114.110339">
        <ele>1057.25</ele>
        <extensions>
          <gpxtpx:TrackPointExtension>
            <gpxtpx:Extensions>
              <highway>footway</highway>
              <maxspeed>20</maxspeed>
              <foot>yes</foot>
              <bicycle>yes</bicycle>
            </gpxtpx:Extensions>
          </gpxtpx:TrackPointExtension>
        </extensions>
      </trkpt>
      <trkpt lat="50.927537" lon="-114.110342">
        <ele>1057.25</ele>
        <extensions>
          <gpxtpx:TrackPointExtension>
            <gpxtpx:Extensions>
              <highway>footway</highway>
              <maxspeed>20</maxspeed>
              <foot>yes</foot>
              <bicycle>yes</bicycle>
            </gpxtpx:Extensions>
          </gpxtpx:TrackPointExtension>
        </extensions>
      </trkpt>
      <trkpt lat="50.927568" lon="-114.110335">
        <ele>1057.25</ele>
        <extensions>
          <gpxtpx:TrackPointExtension>
            <gpxtpx:Extensions>
              <highway>footway</highway>
              <maxspeed>20</maxspeed>
              <foot>yes</foot>
              <bicycle>yes</bicycle>
            </gpxtpx:Extensions>
          </gpxtpx:TrackPointExtension>
        </extensions>
      </trkpt>
      <trkpt lat="50.927641" lon="-114.110292">
        <ele>1057.25</ele>
        <extensions>
          <gpxtpx:TrackPointExtension>
            <gpxtpx:Extensions>
              <highway>footway</highway>
              <maxspeed>20</maxspeed>
              <foot>yes</foot>
              <bicycle>yes</bicycle>
            </gpxtpx:Extensions>
          </gpxtpx:TrackPointExtension>
        </extensions>
      </trkpt>
      <trkpt lat="50.927718" lon="-114.110288">
        <ele>1057.5</ele>
        <extensions>
          <gpxtpx:TrackPointExtension>
            <gpxtpx:Extensions>
              <highway>footway</highway>
              <maxspeed>20</maxspeed>
              <foot>yes</foot>
              <bicycle>yes</bicycle>
            </gpxtpx:Extensions>
          </gpxtpx:TrackPointExtension>
        </extensions>
      </trkpt>
      <trkpt lat="50.927835" lon="-114.110303">
        <ele>1057.5</ele>
        <extensions>
          <gpxtpx:TrackPointExtension>
            <gpxtpx:Extensions>
              <highway>footway</highway>
              <maxspeed>20</maxspeed>
              <foot>yes</foot>
              <bicycle>yes</bicycle>
            </gpxtpx:Extensions>
          </gpxtpx:TrackPointExtension>
        </extensions>
      </trkpt>
      <trkpt lat="50.92794" lon="-114.110328">
        <ele>1057.75</ele>
        <extensions>
          <gpxtpx:TrackPointExtension>
            <gpxtpx:Extensions>
              <highway>footway</highway>
              <maxspeed>20</maxspeed>
              <foot>yes</foot>
              <bicycle>yes</bicycle>
            </gpxtpx:Extensions>
          </gpxtpx:TrackPointExtension>
        </extensions>
      </trkpt>
      <trkpt lat="50.927985" lon="-114.110353">
        <ele>1057.75</ele>
        <extensions>
          <gpxtpx:TrackPointExtension>
            <gpxtpx:Extensions>
              <highway>footway</highway>
              <maxspeed>20</maxspeed>
              <foot>yes</foot>
              <bicycle>yes</bicycle>
            </gpxtpx:Extensions>
          </gpxtpx:TrackPointExtension>
        </extensions>
      </trkpt>
      <trkpt lat="50.928033" lon="-114.110393">
        <ele>1058</ele>
        <extensions>
          <gpxtpx:TrackPointExtension>
            <gpxtpx:Extensions>
              <highway>footway</highway>
              <maxspeed>20</maxspeed>
              <foot>yes</foot>
              <bicycle>yes</bicycle>
            </gpxtpx:Extensions>
          </gpxtpx:TrackPointExtension>
        </extensions>
      </trkpt>
      <trkpt lat="50.928062" lon="-114.110426">
        <ele>1058</ele>
        <extensions>
          <gpxtpx:TrackPointExtension>
            <gpxtpx:Extensions>
              <highway>footway</highway>
              <maxspeed>20</maxspeed>
              <foot>yes</foot>
              <bicycle>yes</bicycle>
            </gpxtpx:Extensions>
          </gpxtpx:TrackPointExtension>
        </extensions>
      </trkpt>
      <trkpt lat="50.928087" lon="-114.110452">
        <ele>1058.25</ele>
        <extensions>
          <gpxtpx:TrackPointExtension>
            <gpxtpx:Extensions>
              <highway>footway</highway>
              <maxspeed>20</maxspeed>
              <foot>yes</foot>
              <bicycle>yes</bicycle>
            </gpxtpx:Extensions>
          </gpxtpx:TrackPointExtension>
        </extensions>
      </trkpt>
      <trkpt lat="50.928497" lon="-114.111094">
        <ele>1060.25</ele>
        <extensions>
          <gpxtpx:TrackPointExtension>
            <gpxtpx:Extensions>
              <highway>footway</highway>
              <maxspeed>20</maxspeed>
              <foot>yes</foot>
              <bicycle>yes</bicycle>
            </gpxtpx:Extensions>
          </gpxtpx:TrackPointExtension>
        </extensions>
      </trkpt>
      <trkpt lat="50.928531" lon="-114.111154">
        <ele>1060.25</ele>
        <extensions>
          <gpxtpx:TrackPointExtension>
            <gpxtpx:Extensions>
              <highway>footway</highway>
              <maxspeed>20</maxspeed>
              <foot>yes</foot>
              <bicycle>yes</bicycle>
            </gpxtpx:Extensions>
          </gpxtpx:TrackPointExtension>
        </extensions>
      </trkpt>
      <trkpt lat="50.92857" lon="-114.111247">
        <ele>1060.5</ele>
        <extensions>
          <gpxtpx:TrackPointExtension>
            <gpxtpx:Extensions>
              <highway>footway</highway>
              <maxspeed>20</maxspeed>
              <foot>yes</foot>
              <bicycle>yes</bicycle>
            </gpxtpx:Extensions>
          </gpxtpx:TrackPointExtension>
        </extensions>
      </trkpt>
      <trkpt lat="50.928617" lon="-114.111302">
        <ele>1060.5</ele>
        <extensions>
          <gpxtpx:TrackPointExtension>
            <gpxtpx:Extensions>
              <highway>footway</highway>
              <maxspeed>20</maxspeed>
              <foot>yes</foot>
              <bicycle>yes</bicycle>
            </gpxtpx:Extensions>
          </gpxtpx:TrackPointExtension>
        </extensions>
      </trkpt>
      <trkpt lat="50.92867" lon="-114.111404">
        <ele>1060.5</ele>
        <extensions>
          <gpxtpx:TrackPointExtension>
            <gpxtpx:Extensions>
              <highway>footway</highway>
              <maxspeed>20</maxspeed>
              <foot>yes</foot>
              <bicycle>yes</bicycle>
            </gpxtpx:Extensions>
          </gpxtpx:TrackPointExtension>
        </extensions>
      </trkpt>
      <trkpt lat="50.928717" lon="-114.111516">
        <ele>1060.75</ele>
        <extensions>
          <gpxtpx:TrackPointExtension>
            <gpxtpx:Extensions>
              <highway>footway</highway>
              <maxspeed>20</maxspeed>
              <foot>yes</foot>
              <bicycle>yes</bicycle>
            </gpxtpx:Extensions>
          </gpxtpx:TrackPointExtension>
        </extensions>
      </trkpt>
      <trkpt lat="50.928738" lon="-114.111589">
        <ele>1060.75</ele>
        <extensions>
          <gpxtpx:TrackPointExtension>
            <gpxtpx:Extensions>
              <highway>footway</highway>
              <maxspeed>20</maxspeed>
              <foot>yes</foot>
              <bicycle>yes</bicycle>
            </gpxtpx:Extensions>
          </gpxtpx:TrackPointExtension>
        </extensions>
      </trkpt>
      <trkpt lat="50.928819" lon="-114.111981">
        <ele>1061.25</ele>
        <extensions>
          <gpxtpx:TrackPointExtension>
            <gpxtpx:Extensions>
              <highway>footway</highway>
              <maxspeed>20</maxspeed>
              <foot>yes</foot>
              <bicycle>yes</bicycle>
            </gpxtpx:Extensions>
          </gpxtpx:TrackPointExtension>
        </extensions>
      </trkpt>
      <trkpt lat="50.928853" lon="-114.112111">
        <ele>1061.25</ele>
        <extensions>
          <gpxtpx:TrackPointExtension>
            <gpxtpx:Extensions>
              <highway>footway</highway>
              <maxspeed>20</maxspeed>
              <foot>yes</foot>
              <bicycle>yes</bicycle>
            </gpxtpx:Extensions>
          </gpxtpx:TrackPointExtension>
        </extensions>
      </trkpt>
      <trkpt lat="50.928884" lon="-114.112203">
        <ele>1061.25</ele>
        <extensions>
          <gpxtpx:TrackPointExtension>
            <gpxtpx:Extensions>
              <reversedirection>yes</reversedirection>
              <highway>footway</highway>
              <maxspeed>20</maxspeed>
              <foot>yes</foot>
              <bicycle>yes</bicycle>
            </gpxtpx:Extensions>
          </gpxtpx:TrackPointExtension>
        </extensions>
      </trkpt>
      <trkpt lat="50.928895" lon="-114.11222">
        <ele>1061.25</ele>
        <extensions>
          <gpxtpx:TrackPointExtension>
            <gpxtpx:Extensions>
              <reversedirection>yes</reversedirection>
              <highway>footway</highway>
              <maxspeed>20</maxspeed>
              <foot>yes</foot>
              <bicycle>yes</bicycle>
            </gpxtpx:Extensions>
          </gpxtpx:TrackPointExtension>
        </extensions>
      </trkpt>
      <trkpt lat="50.928991" lon="-114.112356">
        <ele>1061.25</ele>
        <extensions>
          <gpxtpx:TrackPointExtension>
            <gpxtpx:Extensions>
              <highway>cycleway</highway>
              <surface>asphalt</surface>
              <maxspeed>20</maxspeed>
              <foot>yes</foot>
              <bicycle>yes</bicycle>
              <route_bicycle_rcn>yes</route_bicycle_rcn>
            </gpxtpx:Extensions>
          </gpxtpx:TrackPointExtension>
        </extensions>
      </trkpt>
      <trkpt lat="50.929033" lon="-114.112726">
        <ele>1061.75</ele>
        <extensions>
          <gpxtpx:TrackPointExtension>
            <gpxtpx:Extensions>
              <highway>cycleway</highway>
              <surface>asphalt</surface>
              <maxspeed>20</maxspeed>
              <foot>yes</foot>
              <bicycle>yes</bicycle>
              <route_bicycle_rcn>yes</route_bicycle_rcn>
            </gpxtpx:Extensions>
          </gpxtpx:TrackPointExtension>
        </extensions>
      </trkpt>
      <trkpt lat="50.929306" lon="-114.113784">
        <ele>1062</ele>
        <extensions>
          <gpxtpx:TrackPointExtension>
            <gpxtpx:Extensions>
              <highway>cycleway</highway>
              <surface>asphalt</surface>
              <maxspeed>20</maxspeed>
              <foot>yes</foot>
              <bicycle>yes</bicycle>
              <route_bicycle_rcn>yes</route_bicycle_rcn>
            </gpxtpx:Extensions>
          </gpxtpx:TrackPointExtension>
        </extensions>
      </trkpt>
      <trkpt lat="50.929421" lon="-114.114229">
        <ele>1062.5</ele>
        <extensions>
          <gpxtpx:TrackPointExtension>
            <gpxtpx:Extensions>
              <highway>cycleway</highway>
              <surface>asphalt</surface>
              <maxspeed>20</maxspeed>
              <foot>yes</foot>
              <bicycle>yes</bicycle>
              <route_bicycle_rcn>yes</route_bicycle_rcn>
            </gpxtpx:Extensions>
          </gpxtpx:TrackPointExtension>
        </extensions>
      </trkpt>
      <trkpt lat="50.929487" lon="-114.114429">
        <ele>1062.75</ele>
        <extensions>
          <gpxtpx:TrackPointExtension>
            <gpxtpx:Extensions>
              <highway>footway</highway>
              <surface>asphalt</surface>
              <maxspeed>20</maxspeed>
              <foot>yes</foot>
              <bicycle>yes</bicycle>
            </gpxtpx:Extensions>
          </gpxtpx:TrackPointExtension>
        </extensions>
      </trkpt>
      <trkpt lat="50.929486" lon="-114.114432">
        <ele>1062.75</ele>
        <extensions>
          <gpxtpx:TrackPointExtension>
            <gpxtpx:Extensions>
              <reversedirection>yes</reversedirection>
              <highway>cycleway</highway>
              <surface>asphalt</surface>
              <maxspeed>20</maxspeed>
              <foot>yes</foot>
              <bicycle>yes</bicycle>
              <route_bicycle_rcn>yes</route_bicycle_rcn>
            </gpxtpx:Extensions>
          </gpxtpx:TrackPointExtension>
        </extensions>
      </trkpt>
      <trkpt lat="50.929487" lon="-114.114429">
        <ele>1062.75</ele>
        <extensions>
          <gpxtpx:TrackPointExtension>
            <gpxtpx:Extensions>
              <highway>footway</highway>
              <surface>asphalt</surface>
              <maxspeed>20</maxspeed>
              <foot>yes</foot>
              <bicycle>yes</bicycle>
            </gpxtpx:Extensions>
          </gpxtpx:TrackPointExtension>
        </extensions>
      </trkpt>
      <trkpt lat="50.929528" lon="-114.114571">
        <ele>1062.75</ele>
        <extensions>
          <gpxtpx:TrackPointExtension>
            <gpxtpx:Extensions>
              <highway>footway</highway>
              <surface>asphalt</surface>
              <maxspeed>20</maxspeed>
              <foot>yes</foot>
              <bicycle>yes</bicycle>
            </gpxtpx:Extensions>
          </gpxtpx:TrackPointExtension>
        </extensions>
      </trkpt>
      <trkpt lat="50.92954" lon="-114.114594">
        <ele>1063</ele>
        <extensions>
          <gpxtpx:TrackPointExtension>
            <gpxtpx:Extensions>
              <highway>footway</highway>
              <surface>asphalt</surface>
              <maxspeed>20</maxspeed>
              <foot>yes</foot>
              <bicycle>yes</bicycle>
            </gpxtpx:Extensions>
          </gpxtpx:TrackPointExtension>
        </extensions>
      </trkpt>
      <trkpt lat="50.929572" lon="-114.114662">
        <ele>1063</ele>
        <extensions>
          <gpxtpx:TrackPointExtension>
            <gpxtpx:Extensions>
              <highway>footway</highway>
              <surface>asphalt</surface>
              <maxspeed>20</maxspeed>
              <foot>yes</foot>
              <bicycle>yes</bicycle>
            </gpxtpx:Extensions>
          </gpxtpx:TrackPointExtension>
        </extensions>
      </trkpt>
      <trkpt lat="50.929617" lon="-114.114705">
        <ele>1063</ele>
        <extensions>
          <gpxtpx:TrackPointExtension>
            <gpxtpx:Extensions>
              <reversedirection>yes</reversedirection>
              <highway>service</highway>
            </gpxtpx:Extensions>
          </gpxtpx:TrackPointExtension>
        </extensions>
      </trkpt>
      <trkpt lat="50.929662" lon="-114.114688">
        <ele>1063</ele>
        <extensions>
          <gpxtpx:TrackPointExtension>
            <gpxtpx:Extensions>
              <reversedirection>yes</reversedirection>
              <highway>service</highway>
            </gpxtpx:Extensions>
          </gpxtpx:TrackPointExtension>
        </extensions>
      </trkpt>
      <trkpt lat="50.929737" lon="-114.114694">
        <ele>1063</ele>
        <extensions>
          <gpxtpx:TrackPointExtension>
            <gpxtpx:Extensions>
              <reversedirection>yes</reversedirection>
              <highway>service</highway>
            </gpxtpx:Extensions>
          </gpxtpx:TrackPointExtension>
        </extensions>
      </trkpt>
      <trkpt lat="50.929778" lon="-114.114704">
        <ele>1063</ele>
        <extensions>
          <gpxtpx:TrackPointExtension>
            <gpxtpx:Extensions>
              <reversedirection>yes</reversedirection>
              <highway>service</highway>
            </gpxtpx:Extensions>
          </gpxtpx:TrackPointExtension>
        </extensions>
      </trkpt>
      <trkpt lat="50.92984" lon="-114.114736">
        <ele>1063.25</ele>
        <extensions>
          <gpxtpx:TrackPointExtension>
            <gpxtpx:Extensions>
              <reversedirection>yes</reversedirection>
              <highway>service</highway>
            </gpxtpx:Extensions>
          </gpxtpx:TrackPointExtension>
        </extensions>
      </trkpt>
      <trkpt lat="50.930017" lon="-114.114866">
        <ele>1063.75</ele>
        <extensions>
          <gpxtpx:TrackPointExtension>
            <gpxtpx:Extensions>
              <reversedirection>yes</reversedirection>
              <highway>service</highway>
            </gpxtpx:Extensions>
          </gpxtpx:TrackPointExtension>
        </extensions>
      </trkpt>
      <trkpt lat="50.930231" lon="-114.115051">
        <ele>1065.75</ele>
        <extensions>
          <gpxtpx:TrackPointExtension>
            <gpxtpx:Extensions>
              <reversedirection>yes</reversedirection>
              <highway>service</highway>
            </gpxtpx:Extensions>
          </gpxtpx:TrackPointExtension>
        </extensions>
      </trkpt>
      <trkpt lat="50.930308" lon="-114.115117">
        <ele>1066.5</ele>
        <extensions>
          <gpxtpx:TrackPointExtension>
            <gpxtpx:Extensions>
              <reversedirection>yes</reversedirection>
              <highway>service</highway>
            </gpxtpx:Extensions>
          </gpxtpx:TrackPointExtension>
        </extensions>
      </trkpt>
      <trkpt lat="50.930517" lon="-114.115306">
        <ele>1069.5</ele>
        <extensions>
          <gpxtpx:TrackPointExtension>
            <gpxtpx:Extensions>
              <reversedirection>yes</reversedirection>
              <highway>service</highway>
            </gpxtpx:Extensions>
          </gpxtpx:TrackPointExtension>
        </extensions>
      </trkpt>
      <trkpt lat="50.930533" lon="-114.115317">
        <ele>1069.5</ele>
        <extensions>
          <gpxtpx:TrackPointExtension>
            <gpxtpx:Extensions>
              <reversedirection>yes</reversedirection>
              <highway>service</highway>
            </gpxtpx:Extensions>
          </gpxtpx:TrackPointExtension>
        </extensions>
      </trkpt>
      <trkpt lat="50.93075" lon="-114.115464">
        <ele>1072.25</ele>
        <extensions>
          <gpxtpx:TrackPointExtension>
            <gpxtpx:Extensions>
              <reversedirection>yes</reversedirection>
              <highway>service</highway>
            </gpxtpx:Extensions>
          </gpxtpx:TrackPointExtension>
        </extensions>
      </trkpt>
      <trkpt lat="50.930841" lon="-114.11555">
        <ele>1073.5</ele>
        <extensions>
          <gpxtpx:TrackPointExtension>
            <gpxtpx:Extensions>
              <reversedirection>yes</reversedirection>
              <highway>service</highway>
            </gpxtpx:Extensions>
          </gpxtpx:TrackPointExtension>
        </extensions>
      </trkpt>
      <trkpt lat="50.930997" lon="-114.115723">
        <ele>1076.25</ele>
        <extensions>
          <gpxtpx:TrackPointExtension>
            <gpxtpx:Extensions>
              <reversedirection>yes</reversedirection>
              <highway>service</highway>
            </gpxtpx:Extensions>
          </gpxtpx:TrackPointExtension>
        </extensions>
      </trkpt>
      <trkpt lat="50.93111" lon="-114.115897">
        <ele>1078</ele>
        <extensions>
          <gpxtpx:TrackPointExtension>
            <gpxtpx:Extensions>
              <reversedirection>yes</reversedirection>
              <highway>service</highway>
            </gpxtpx:Extensions>
          </gpxtpx:TrackPointExtension>
        </extensions>
      </trkpt>
      <trkpt lat="50.931266" lon="-114.116091">
        <ele>1079.5</ele>
        <extensions>
          <gpxtpx:TrackPointExtension>
            <gpxtpx:Extensions>
              <reversedirection>yes</reversedirection>
              <highway>service</highway>
            </gpxtpx:Extensions>
          </gpxtpx:TrackPointExtension>
        </extensions>
      </trkpt>
      <trkpt lat="50.931427" lon="-114.116255">
        <ele>1080.25</ele>
        <extensions>
          <gpxtpx:TrackPointExtension>
            <gpxtpx:Extensions>
              <reversedirection>yes</reversedirection>
              <highway>service</highway>
            </gpxtpx:Extensions>
          </gpxtpx:TrackPointExtension>
        </extensions>
      </trkpt>
      <trkpt lat="50.931534" lon="-114.116338">
        <ele>1080.5</ele>
        <extensions>
          <gpxtpx:TrackPointExtension>
            <gpxtpx:Extensions>
              <reversedirection>yes</reversedirection>
              <highway>service</highway>
            </gpxtpx:Extensions>
          </gpxtpx:TrackPointExtension>
        </extensions>
      </trkpt>
      <trkpt lat="50.93164" lon="-114.116406">
        <ele>1080.5</ele>
        <extensions>
          <gpxtpx:TrackPointExtension>
            <gpxtpx:Extensions>
              <reversedirection>yes</reversedirection>
              <highway>service</highway>
            </gpxtpx:Extensions>
          </gpxtpx:TrackPointExtension>
        </extensions>
      </trkpt>
      <trkpt lat="50.931764" lon="-114.116466">
        <ele>1081.25</ele>
        <extensions>
          <gpxtpx:TrackPointExtension>
            <gpxtpx:Extensions>
              <reversedirection>yes</reversedirection>
              <highway>service</highway>
            </gpxtpx:Extensions>
          </gpxtpx:TrackPointExtension>
        </extensions>
      </trkpt>
      <trkpt lat="50.932069" lon="-114.116587">
        <ele>1084</ele>
        <extensions>
          <gpxtpx:TrackPointExtension>
            <gpxtpx:Extensions>
              <reversedirection>yes</reversedirection>
              <highway>service</highway>
            </gpxtpx:Extensions>
          </gpxtpx:TrackPointExtension>
        </extensions>
      </trkpt>
      <trkpt lat="50.932174" lon="-114.116653">
        <ele>1084.75</ele>
        <extensions>
          <gpxtpx:TrackPointExtension>
            <gpxtpx:Extensions>
              <reversedirection>yes</reversedirection>
              <highway>service</highway>
            </gpxtpx:Extensions>
          </gpxtpx:TrackPointExtension>
        </extensions>
      </trkpt>
      <trkpt lat="50.932276" lon="-114.116731">
        <ele>1085.75</ele>
        <extensions>
          <gpxtpx:TrackPointExtension>
            <gpxtpx:Extensions>
              <reversedirection>yes</reversedirection>
              <highway>service</highway>
            </gpxtpx:Extensions>
          </gpxtpx:TrackPointExtension>
        </extensions>
      </trkpt>
      <trkpt lat="50.932358" lon="-114.116821">
        <ele>1086.5</ele>
        <extensions>
          <gpxtpx:TrackPointExtension>
            <gpxtpx:Extensions>
              <reversedirection>yes</reversedirection>
              <highway>service</highway>
            </gpxtpx:Extensions>
          </gpxtpx:TrackPointExtension>
        </extensions>
      </trkpt>
      <trkpt lat="50.932429" lon="-114.116913">
        <ele>1087</ele>
        <extensions>
          <gpxtpx:TrackPointExtension>
            <gpxtpx:Extensions>
              <reversedirection>yes</reversedirection>
              <highway>service</highway>
            </gpxtpx:Extensions>
          </gpxtpx:TrackPointExtension>
        </extensions>
      </trkpt>
      <trkpt lat="50.932555" lon="-114.117152">
        <ele>1087.75</ele>
        <extensions>
          <gpxtpx:TrackPointExtension>
            <gpxtpx:Extensions>
              <reversedirection>yes</reversedirection>
              <highway>service</highway>
            </gpxtpx:Extensions>
          </gpxtpx:TrackPointExtension>
        </extensions>
      </trkpt>
      <trkpt lat="50.932795" lon="-114.117668">
        <ele>1088.5</ele>
        <extensions>
          <gpxtpx:TrackPointExtension>
            <gpxtpx:Extensions>
              <reversedirection>yes</reversedirection>
              <highway>service</highway>
            </gpxtpx:Extensions>
          </gpxtpx:TrackPointExtension>
        </extensions>
      </trkpt>
      <trkpt lat="50.932845" lon="-114.11776">
        <ele>1088.75</ele>
        <extensions>
          <gpxtpx:TrackPointExtension>
            <gpxtpx:Extensions>
              <reversedirection>yes</reversedirection>
              <highway>service</highway>
            </gpxtpx:Extensions>
          </gpxtpx:TrackPointExtension>
        </extensions>
      </trkpt>
      <trkpt lat="50.93293" lon="-114.117847">
        <ele>1089</ele>
        <extensions>
          <gpxtpx:TrackPointExtension>
            <gpxtpx:Extensions>
              <reversedirection>yes</reversedirection>
              <highway>service</highway>
            </gpxtpx:Extensions>
          </gpxtpx:TrackPointExtension>
        </extensions>
      </trkpt>
      <trkpt lat="50.933061" lon="-114.117894">
        <ele>1089.75</ele>
        <extensions>
          <gpxtpx:TrackPointExtension>
            <gpxtpx:Extensions>
              <reversedirection>yes</reversedirection>
              <highway>service</highway>
            </gpxtpx:Extensions>
          </gpxtpx:TrackPointExtension>
        </extensions>
      </trkpt>
      <trkpt lat="50.933361" lon="-114.117901">
        <ele>1091.25</ele>
        <extensions>
          <gpxtpx:TrackPointExtension>
            <gpxtpx:Extensions>
              <reversedirection>yes</reversedirection>
              <highway>service</highway>
            </gpxtpx:Extensions>
          </gpxtpx:TrackPointExtension>
        </extensions>
      </trkpt>
      <trkpt lat="50.933365" lon="-114.117901">
        <ele>1091.5</ele>
        <extensions>
          <gpxtpx:TrackPointExtension>
            <gpxtpx:Extensions>
              <reversedirection>yes</reversedirection>
              <highway>cycleway</highway>
              <surface>asphalt</surface>
              <maxspeed>20</maxspeed>
              <foot>yes</foot>
              <bicycle>yes</bicycle>
            </gpxtpx:Extensions>
          </gpxtpx:TrackPointExtension>
        </extensions>
      </trkpt>
      <trkpt lat="50.933376" lon="-114.117988">
        <ele>1091.25</ele>
        <extensions>
          <gpxtpx:TrackPointExtension>
            <gpxtpx:Extensions>
              <reversedirection>yes</reversedirection>
              <highway>cycleway</highway>
              <surface>asphalt</surface>
              <maxspeed>20</maxspeed>
              <foot>yes</foot>
              <bicycle>yes</bicycle>
            </gpxtpx:Extensions>
          </gpxtpx:TrackPointExtension>
        </extensions>
      </trkpt>
      <trkpt lat="50.933478" lon="-114.118024">
        <ele>1091.5</ele>
        <extensions>
          <gpxtpx:TrackPointExtension>
            <gpxtpx:Extensions>
              <reversedirection>yes</reversedirection>
              <highway>cycleway</highway>
              <surface>asphalt</surface>
              <maxspeed>20</maxspeed>
              <foot>yes</foot>
              <bicycle>yes</bicycle>
            </gpxtpx:Extensions>
          </gpxtpx:TrackPointExtension>
        </extensions>
      </trkpt>
      <trkpt lat="50.933566" lon="-114.118054">
        <ele>1091.75</ele>
        <extensions>
          <gpxtpx:TrackPointExtension>
            <gpxtpx:Extensions>
              <reversedirection>yes</reversedirection>
              <highway>cycleway</highway>
              <surface>asphalt</surface>
              <maxspeed>20</maxspeed>
              <foot>yes</foot>
              <bicycle>yes</bicycle>
            </gpxtpx:Extensions>
          </gpxtpx:TrackPointExtension>
        </extensions>
      </trkpt>
      <trkpt lat="50.933853" lon="-114.118026">
        <ele>1092.25</ele>
        <extensions>
          <gpxtpx:TrackPointExtension>
            <gpxtpx:Extensions>
              <reversedirection>yes</reversedirection>
              <highway>cycleway</highway>
              <surface>asphalt</surface>
              <maxspeed>20</maxspeed>
              <foot>yes</foot>
              <bicycle>yes</bicycle>
            </gpxtpx:Extensions>
          </gpxtpx:TrackPointExtension>
        </extensions>
      </trkpt>
      <trkpt lat="50.934262" lon="-114.118022">
        <ele>1092.75</ele>
        <extensions>
          <gpxtpx:TrackPointExtension>
            <gpxtpx:Extensions>
              <reversedirection>yes</reversedirection>
              <highway>cycleway</highway>
              <surface>asphalt</surface>
              <maxspeed>20</maxspeed>
              <foot>yes</foot>
              <bicycle>yes</bicycle>
            </gpxtpx:Extensions>
          </gpxtpx:TrackPointExtension>
        </extensions>
      </trkpt>
      <trkpt lat="50.934329" lon="-114.118026">
        <ele>1092.75</ele>
        <extensions>
          <gpxtpx:TrackPointExtension>
            <gpxtpx:Extensions>
              <reversedirection>yes</reversedirection>
              <highway>cycleway</highway>
              <surface>asphalt</surface>
              <maxspeed>20</maxspeed>
              <foot>yes</foot>
              <bicycle>yes</bicycle>
            </gpxtpx:Extensions>
          </gpxtpx:TrackPointExtension>
        </extensions>
      </trkpt>
      <trkpt lat="50.934398" lon="-114.118052">
        <ele>1092.75</ele>
        <extensions>
          <gpxtpx:TrackPointExtension>
            <gpxtpx:Extensions>
              <reversedirection>yes</reversedirection>
              <highway>cycleway</highway>
              <surface>asphalt</surface>
              <maxspeed>20</maxspeed>
              <foot>yes</foot>
              <bicycle>yes</bicycle>
            </gpxtpx:Extensions>
          </gpxtpx:TrackPointExtension>
        </extensions>
      </trkpt>
      <trkpt lat="50.934467" lon="-114.118076">
        <ele>1093</ele>
        <extensions>
          <gpxtpx:TrackPointExtension>
            <gpxtpx:Extensions>
              <reversedirection>yes</reversedirection>
              <highway>cycleway</highway>
              <surface>asphalt</surface>
              <maxspeed>20</maxspeed>
              <foot>yes</foot>
              <bicycle>yes</bicycle>
            </gpxtpx:Extensions>
          </gpxtpx:TrackPointExtension>
        </extensions>
      </trkpt>
      <trkpt lat="50.934518" lon="-114.118081">
        <ele>1093</ele>
        <extensions>
          <gpxtpx:TrackPointExtension>
            <gpxtpx:Extensions>
              <reversedirection>yes</reversedirection>
              <highway>cycleway</highway>
              <surface>asphalt</surface>
              <maxspeed>20</maxspeed>
              <foot>yes</foot>
              <bicycle>yes</bicycle>
            </gpxtpx:Extensions>
          </gpxtpx:TrackPointExtension>
        </extensions>
      </trkpt>
      <trkpt lat="50.935116" lon="-114.118059">
        <ele>1093.25</ele>
        <extensions>
          <gpxtpx:TrackPointExtension>
            <gpxtpx:Extensions>
              <reversedirection>yes</reversedirection>
              <highway>cycleway</highway>
              <surface>asphalt</surface>
              <maxspeed>20</maxspeed>
              <foot>yes</foot>
              <bicycle>yes</bicycle>
            </gpxtpx:Extensions>
          </gpxtpx:TrackPointExtension>
        </extensions>
      </trkpt>
      <trkpt lat="50.935244" lon="-114.118084">
        <ele>1093.5</ele>
        <extensions>
          <gpxtpx:TrackPointExtension>
            <gpxtpx:Extensions>
              <reversedirection>yes</reversedirection>
              <highway>cycleway</highway>
              <surface>asphalt</surface>
              <maxspeed>20</maxspeed>
              <foot>yes</foot>
              <bicycle>yes</bicycle>
            </gpxtpx:Extensions>
          </gpxtpx:TrackPointExtension>
        </extensions>
      </trkpt>
      <trkpt lat="50.935544" lon="-114.118103">
        <ele>1094</ele>
        <extensions>
          <gpxtpx:TrackPointExtension>
            <gpxtpx:Extensions>
              <reversedirection>yes</reversedirection>
              <highway>cycleway</highway>
              <surface>asphalt</surface>
              <maxspeed>20</maxspeed>
              <foot>yes</foot>
              <bicycle>yes</bicycle>
            </gpxtpx:Extensions>
          </gpxtpx:TrackPointExtension>
        </extensions>
      </trkpt>
      <trkpt lat="50.935549" lon="-114.118103">
        <ele>1094.25</ele>
        <extensions>
          <gpxtpx:TrackPointExtension>
            <gpxtpx:Extensions>
              <reversedirection>yes</reversedirection>
              <highway>path</highway>
              <surface>asphalt</surface>
              <foot>designated</foot>
              <bicycle>designated</bicycle>
              <segregated>no</segregated>
            </gpxtpx:Extensions>
          </gpxtpx:TrackPointExtension>
        </extensions>
      </trkpt>
      <trkpt lat="50.935589" lon="-114.118128">
        <ele>1094.25</ele>
        <extensions>
          <gpxtpx:TrackPointExtension>
            <gpxtpx:Extensions>
              <reversedirection>yes</reversedirection>
              <highway>path</highway>
              <surface>asphalt</surface>
              <foot>designated</foot>
              <bicycle>designated</bicycle>
              <segregated>no</segregated>
            </gpxtpx:Extensions>
          </gpxtpx:TrackPointExtension>
        </extensions>
      </trkpt>
      <trkpt lat="50.935611" lon="-114.118168">
        <ele>1094.25</ele>
        <extensions>
          <gpxtpx:TrackPointExtension>
            <gpxtpx:Extensions>
              <reversedirection>yes</reversedirection>
              <highway>path</highway>
              <surface>asphalt</surface>
              <foot>designated</foot>
              <bicycle>designated</bicycle>
              <segregated>no</segregated>
            </gpxtpx:Extensions>
          </gpxtpx:TrackPointExtension>
        </extensions>
      </trkpt>
      <trkpt lat="50.935613" lon="-114.118677">
        <ele>1094.25</ele>
        <extensions>
          <gpxtpx:TrackPointExtension>
            <gpxtpx:Extensions>
              <reversedirection>yes</reversedirection>
              <highway>path</highway>
              <surface>asphalt</surface>
              <foot>designated</foot>
              <bicycle>designated</bicycle>
              <segregated>no</segregated>
            </gpxtpx:Extensions>
          </gpxtpx:TrackPointExtension>
        </extensions>
      </trkpt>
      <trkpt lat="50.935615" lon="-114.119085">
        <ele>1094.5</ele>
        <extensions>
          <gpxtpx:TrackPointExtension>
            <gpxtpx:Extensions>
              <reversedirection>yes</reversedirection>
              <highway>path</highway>
              <surface>asphalt</surface>
              <foot>designated</foot>
              <bicycle>designated</bicycle>
              <segregated>no</segregated>
            </gpxtpx:Extensions>
          </gpxtpx:TrackPointExtension>
        </extensions>
      </trkpt>
      <trkpt lat="50.93566" lon="-114.11962">
        <ele>1094.75</ele>
        <extensions>
          <gpxtpx:TrackPointExtension>
            <gpxtpx:Extensions>
              <reversedirection>yes</reversedirection>
              <highway>path</highway>
              <surface>asphalt</surface>
              <foot>designated</foot>
              <bicycle>designated</bicycle>
              <segregated>no</segregated>
            </gpxtpx:Extensions>
          </gpxtpx:TrackPointExtension>
        </extensions>
      </trkpt>
      <trkpt lat="50.93585" lon="-114.120822">
        <ele>1096</ele>
        <extensions>
          <gpxtpx:TrackPointExtension>
            <gpxtpx:Extensions>
              <reversedirection>yes</reversedirection>
              <highway>path</highway>
              <surface>asphalt</surface>
              <foot>designated</foot>
              <bicycle>designated</bicycle>
              <segregated>no</segregated>
            </gpxtpx:Extensions>
          </gpxtpx:TrackPointExtension>
        </extensions>
      </trkpt>
      <trkpt lat="50.935904" lon="-114.121218">
        <ele>1096.75</ele>
        <extensions>
          <gpxtpx:TrackPointExtension>
            <gpxtpx:Extensions>
              <reversedirection>yes</reversedirection>
              <highway>path</highway>
              <surface>asphalt</surface>
              <foot>designated</foot>
              <bicycle>designated</bicycle>
              <segregated>no</segregated>
            </gpxtpx:Extensions>
          </gpxtpx:TrackPointExtension>
        </extensions>
      </trkpt>
      <trkpt lat="50.935927" lon="-114.121503">
        <ele>1097</ele>
        <extensions>
          <gpxtpx:TrackPointExtension>
            <gpxtpx:Extensions>
              <reversedirection>yes</reversedirection>
              <highway>path</highway>
              <surface>asphalt</surface>
              <foot>designated</foot>
              <bicycle>designated</bicycle>
              <segregated>no</segregated>
            </gpxtpx:Extensions>
          </gpxtpx:TrackPointExtension>
        </extensions>
      </trkpt>
      <trkpt lat="50.93594" lon="-114.12152">
        <ele>1097</ele>
        <extensions>
          <gpxtpx:TrackPointExtension>
            <gpxtpx:Extensions>
              <reversedirection>yes</reversedirection>
              <highway>path</highway>
              <surface>asphalt</surface>
              <foot>designated</foot>
              <bicycle>designated</bicycle>
              <segregated>no</segregated>
            </gpxtpx:Extensions>
          </gpxtpx:TrackPointExtension>
        </extensions>
      </trkpt>
      <trkpt lat="50.935941" lon="-114.121689">
        <ele>1097.25</ele>
        <extensions>
          <gpxtpx:TrackPointExtension>
            <gpxtpx:Extensions>
              <reversedirection>yes</reversedirection>
              <highway>path</highway>
              <surface>asphalt</surface>
              <foot>designated</foot>
              <bicycle>designated</bicycle>
              <segregated>no</segregated>
            </gpxtpx:Extensions>
          </gpxtpx:TrackPointExtension>
        </extensions>
      </trkpt>
      <trkpt lat="50.935943" lon="-114.121781">
        <ele>1097.5</ele>
        <extensions>
          <gpxtpx:TrackPointExtension>
            <gpxtpx:Extensions>
              <reversedirection>yes</reversedirection>
              <highway>path</highway>
              <surface>asphalt</surface>
              <foot>designated</foot>
              <bicycle>designated</bicycle>
              <segregated>no</segregated>
            </gpxtpx:Extensions>
          </gpxtpx:TrackPointExtension>
        </extensions>
      </trkpt>
      <trkpt lat="50.935912" lon="-114.121846">
        <ele>1097.25</ele>
        <extensions>
          <gpxtpx:TrackPointExtension>
            <gpxtpx:Extensions>
              <reversedirection>yes</reversedirection>
              <highway>path</highway>
              <surface>asphalt</surface>
              <foot>designated</foot>
              <bicycle>designated</bicycle>
              <segregated>no</segregated>
            </gpxtpx:Extensions>
          </gpxtpx:TrackPointExtension>
        </extensions>
      </trkpt>
      <trkpt lat="50.935895" lon="-114.12188">
        <ele>1097.25</ele>
        <extensions>
          <gpxtpx:TrackPointExtension>
            <gpxtpx:Extensions>
              <reversedirection>yes</reversedirection>
              <highway>path</highway>
              <surface>asphalt</surface>
              <foot>designated</foot>
              <bicycle>designated</bicycle>
              <segregated>no</segregated>
            </gpxtpx:Extensions>
          </gpxtpx:TrackPointExtension>
        </extensions>
      </trkpt>
      <trkpt lat="50.935936" lon="-114.1225">
        <ele>1098.25</ele>
        <extensions>
          <gpxtpx:TrackPointExtension>
            <gpxtpx:Extensions>
              <reversedirection>yes</reversedirection>
              <highway>path</highway>
              <surface>asphalt</surface>
              <foot>designated</foot>
              <bicycle>designated</bicycle>
              <segregated>no</segregated>
            </gpxtpx:Extensions>
          </gpxtpx:TrackPointExtension>
        </extensions>
      </trkpt>
      <trkpt lat="50.935936" lon="-114.124173">
        <ele>1101</ele>
        <extensions>
          <gpxtpx:TrackPointExtension>
            <gpxtpx:Extensions>
              <reversedirection>yes</reversedirection>
              <highway>path</highway>
              <surface>asphalt</surface>
              <foot>designated</foot>
              <bicycle>designated</bicycle>
              <segregated>no</segregated>
            </gpxtpx:Extensions>
          </gpxtpx:TrackPointExtension>
        </extensions>
      </trkpt>
      <trkpt lat="50.935936" lon="-114.124515">
        <ele>1101.75</ele>
        <extensions>
          <gpxtpx:TrackPointExtension>
            <gpxtpx:Extensions>
              <reversedirection>yes</reversedirection>
              <highway>path</highway>
              <surface>asphalt</surface>
              <foot>designated</foot>
              <bicycle>designated</bicycle>
              <segregated>no</segregated>
            </gpxtpx:Extensions>
          </gpxtpx:TrackPointExtension>
        </extensions>
      </trkpt>
      <trkpt lat="50.935918" lon="-114.124587">
        <ele>1102</ele>
        <extensions>
          <gpxtpx:TrackPointExtension>
            <gpxtpx:Extensions>
              <reversedirection>yes</reversedirection>
              <highway>path</highway>
              <surface>asphalt</surface>
              <foot>designated</foot>
              <bicycle>designated</bicycle>
              <segregated>no</segregated>
            </gpxtpx:Extensions>
          </gpxtpx:TrackPointExtension>
        </extensions>
      </trkpt>
      <trkpt lat="50.935929" lon="-114.125736">
        <ele>1103.75</ele>
        <extensions>
          <gpxtpx:TrackPointExtension>
            <gpxtpx:Extensions>
              <reversedirection>yes</reversedirection>
              <highway>path</highway>
              <surface>asphalt</surface>
              <foot>designated</foot>
              <bicycle>designated</bicycle>
              <segregated>no</segregated>
            </gpxtpx:Extensions>
          </gpxtpx:TrackPointExtension>
        </extensions>
      </trkpt>
      <trkpt lat="50.935934" lon="-114.127044">
        <ele>1104.75</ele>
        <extensions>
          <gpxtpx:TrackPointExtension>
            <gpxtpx:Extensions>
              <reversedirection>yes</reversedirection>
              <highway>path</highway>
              <surface>asphalt</surface>
              <foot>designated</foot>
              <bicycle>designated</bicycle>
              <segregated>no</segregated>
            </gpxtpx:Extensions>
          </gpxtpx:TrackPointExtension>
        </extensions>
      </trkpt>
      <trkpt lat="50.93594" lon="-114.128255">
        <ele>1106</ele>
        <extensions>
          <gpxtpx:TrackPointExtension>
            <gpxtpx:Extensions>
              <reversedirection>yes</reversedirection>
              <highway>path</highway>
              <surface>asphalt</surface>
              <foot>designated</foot>
              <bicycle>designated</bicycle>
              <segregated>no</segregated>
            </gpxtpx:Extensions>
          </gpxtpx:TrackPointExtension>
        </extensions>
      </trkpt>
      <trkpt lat="50.935931" lon="-114.132342">
        <ele>1107.25</ele>
        <extensions>
          <gpxtpx:TrackPointExtension>
            <gpxtpx:Extensions>
              <reversedirection>yes</reversedirection>
              <highway>path</highway>
              <surface>asphalt</surface>
              <foot>designated</foot>
              <bicycle>designated</bicycle>
              <segregated>no</segregated>
            </gpxtpx:Extensions>
          </gpxtpx:TrackPointExtension>
        </extensions>
      </trkpt>
      <trkpt lat="50.935937" lon="-114.132458">
        <ele>1107.25</ele>
        <extensions>
          <gpxtpx:TrackPointExtension>
            <gpxtpx:Extensions>
              <reversedirection>yes</reversedirection>
              <highway>path</highway>
              <surface>asphalt</surface>
              <foot>designated</foot>
              <bicycle>designated</bicycle>
              <segregated>no</segregated>
            </gpxtpx:Extensions>
          </gpxtpx:TrackPointExtension>
        </extensions>
      </trkpt>
      <trkpt lat="50.935907" lon="-114.132506">
        <ele>1107</ele>
        <extensions>
          <gpxtpx:TrackPointExtension>
            <gpxtpx:Extensions>
              <reversedirection>yes</reversedirection>
              <highway>path</highway>
              <surface>asphalt</surface>
              <foot>designated</foot>
              <bicycle>designated</bicycle>
              <segregated>no</segregated>
            </gpxtpx:Extensions>
          </gpxtpx:TrackPointExtension>
        </extensions>
      </trkpt>
      <trkpt lat="50.935869" lon="-114.132546">
        <ele>1107</ele>
        <extensions>
          <gpxtpx:TrackPointExtension>
            <gpxtpx:Extensions>
              <reversedirection>yes</reversedirection>
              <highway>path</highway>
              <surface>asphalt</surface>
              <foot>designated</foot>
              <bicycle>designated</bicycle>
              <segregated>no</segregated>
            </gpxtpx:Extensions>
          </gpxtpx:TrackPointExtension>
        </extensions>
      </trkpt>
      <trkpt lat="50.935882" lon="-114.132596">
        <ele>1107</ele>
        <extensions>
          <gpxtpx:TrackPointExtension>
            <gpxtpx:Extensions>
              <reversedirection>yes</reversedirection>
              <highway>path</highway>
              <surface>asphalt</surface>
              <foot>designated</foot>
              <bicycle>designated</bicycle>
              <segregated>no</segregated>
            </gpxtpx:Extensions>
          </gpxtpx:TrackPointExtension>
        </extensions>
      </trkpt>
      <trkpt lat="50.935943" lon="-114.132961">
        <ele>1107.25</ele>
        <extensions>
          <gpxtpx:TrackPointExtension>
            <gpxtpx:Extensions>
              <reversedirection>yes</reversedirection>
              <highway>path</highway>
              <surface>asphalt</surface>
              <foot>designated</foot>
              <bicycle>designated</bicycle>
              <segregated>no</segregated>
            </gpxtpx:Extensions>
          </gpxtpx:TrackPointExtension>
        </extensions>
      </trkpt>
      <trkpt lat="50.935972" lon="-114.133628">
        <ele>1106.5</ele>
        <extensions>
          <gpxtpx:TrackPointExtension>
            <gpxtpx:Extensions>
              <reversedirection>yes</reversedirection>
              <highway>path</highway>
              <surface>asphalt</surface>
              <foot>designated</foot>
              <bicycle>designated</bicycle>
              <segregated>no</segregated>
            </gpxtpx:Extensions>
          </gpxtpx:TrackPointExtension>
        </extensions>
      </trkpt>
      <trkpt lat="50.935957" lon="-114.135047">
        <ele>1104</ele>
        <extensions>
          <gpxtpx:TrackPointExtension>
            <gpxtpx:Extensions>
              <reversedirection>yes</reversedirection>
              <highway>path</highway>
              <surface>asphalt</surface>
              <foot>designated</foot>
              <bicycle>designated</bicycle>
              <segregated>no</segregated>
            </gpxtpx:Extensions>
          </gpxtpx:TrackPointExtension>
        </extensions>
      </trkpt>
      <trkpt lat="50.935951" lon="-114.135684">
        <ele>1102.75</ele>
        <extensions>
          <gpxtpx:TrackPointExtension>
            <gpxtpx:Extensions>
              <reversedirection>yes</reversedirection>
              <highway>path</highway>
              <surface>asphalt</surface>
              <foot>designated</foot>
              <bicycle>designated</bicycle>
              <segregated>no</segregated>
            </gpxtpx:Extensions>
          </gpxtpx:TrackPointExtension>
        </extensions>
      </trkpt>
      <trkpt lat="50.935932" lon="-114.135747">
        <ele>1102.5</ele>
        <extensions>
          <gpxtpx:TrackPointExtension>
            <gpxtpx:Extensions>
              <highway>footway</highway>
              <surface>asphalt</surface>
              <footway>crossing</footway>
            </gpxtpx:Extensions>
          </gpxtpx:TrackPointExtension>
        </extensions>
      </trkpt>
      <trkpt lat="50.935932" lon="-114.135749">
        <ele>1102.5</ele>
        <extensions>
          <gpxtpx:TrackPointExtension>
            <gpxtpx:Extensions>
              <highway>footway</highway>
              <surface>asphalt</surface>
              <footway>crossing</footway>
            </gpxtpx:Extensions>
          </gpxtpx:TrackPointExtension>
        </extensions>
      </trkpt>
      <trkpt lat="50.935932" lon="-114.135762">
        <ele>1102.5</ele>
        <extensions>
          <gpxtpx:TrackPointExtension>
            <gpxtpx:Extensions>
              <highway>footway</highway>
              <surface>asphalt</surface>
              <footway>crossing</footway>
            </gpxtpx:Extensions>
          </gpxtpx:TrackPointExtension>
        </extensions>
      </trkpt>
      <trkpt lat="50.935932" lon="-114.135895">
        <ele>1102.25</ele>
        <extensions>
          <gpxtpx:TrackPointExtension>
            <gpxtpx:Extensions>
              <highway>residential</highway>
              <surface>asphalt</surface>
              <oneway>no</oneway>
            </gpxtpx:Extensions>
          </gpxtpx:TrackPointExtension>
        </extensions>
      </trkpt>
      <trkpt lat="50.935819" lon="-114.13589">
        <ele>1101.75</ele>
        <extensions>
          <gpxtpx:TrackPointExtension>
            <gpxtpx:Extensions>
              <highway>residential</highway>
              <surface>asphalt</surface>
              <oneway>no</oneway>
            </gpxtpx:Extensions>
          </gpxtpx:TrackPointExtension>
        </extensions>
      </trkpt>
      <trkpt lat="50.935502" lon="-114.135889">
        <ele>1101.5</ele>
        <extensions>
          <gpxtpx:TrackPointExtension>
            <gpxtpx:Extensions>
              <highway>residential</highway>
              <surface>asphalt</surface>
              <oneway>no</oneway>
            </gpxtpx:Extensions>
          </gpxtpx:TrackPointExtension>
        </extensions>
      </trkpt>
      <trkpt lat="50.935478" lon="-114.135899">
        <ele>1101.5</ele>
        <extensions>
          <gpxtpx:TrackPointExtension>
            <gpxtpx:Extensions>
              <highway>residential</highway>
              <surface>asphalt</surface>
              <oneway>no</oneway>
            </gpxtpx:Extensions>
          </gpxtpx:TrackPointExtension>
        </extensions>
      </trkpt>
      <trkpt lat="50.935458" lon="-114.135925">
        <ele>1101.25</ele>
        <extensions>
          <gpxtpx:TrackPointExtension>
            <gpxtpx:Extensions>
              <highway>service</highway>
              <surface>asphalt</surface>
              <oneway>no</oneway>
            </gpxtpx:Extensions>
          </gpxtpx:TrackPointExtension>
        </extensions>
      </trkpt>
      <trkpt lat="50.935433" lon="-114.13592">
        <ele>1101</ele>
      </trkpt>
      <trkpt lat="50.935433" lon="-114.13592">
        <ele>1101</ele>
      </trkpt>
      <trkpt lat="50.935458" lon="-114.135925">
        <ele>1101.25</ele>
        <extensions>
          <gpxtpx:TrackPointExtension>
            <gpxtpx:Extensions>
              <highway>service</highway>
              <surface>asphalt</surface>
              <oneway>no</oneway>
            </gpxtpx:Extensions>
          </gpxtpx:TrackPointExtension>
        </extensions>
      </trkpt>
      <trkpt lat="50.935478" lon="-114.135899">
        <ele>1101.5</ele>
        <extensions>
          <gpxtpx:TrackPointExtension>
            <gpxtpx:Extensions>
              <highway>residential</highway>
              <surface>asphalt</surface>
              <oneway>no</oneway>
            </gpxtpx:Extensions>
          </gpxtpx:TrackPointExtension>
        </extensions>
      </trkpt>
      <trkpt lat="50.935502" lon="-114.135889">
        <ele>1101.5</ele>
        <extensions>
          <gpxtpx:TrackPointExtension>
            <gpxtpx:Extensions>
              <highway>residential</highway>
              <surface>asphalt</surface>
              <oneway>no</oneway>
            </gpxtpx:Extensions>
          </gpxtpx:TrackPointExtension>
        </extensions>
      </trkpt>
      <trkpt lat="50.935819" lon="-114.13589">
        <ele>1101.75</ele>
        <extensions>
          <gpxtpx:TrackPointExtension>
            <gpxtpx:Extensions>
              <highway>residential</highway>
              <surface>asphalt</surface>
              <oneway>no</oneway>
            </gpxtpx:Extensions>
          </gpxtpx:TrackPointExtension>
        </extensions>
      </trkpt>
      <trkpt lat="50.935932" lon="-114.135895">
        <ele>1102.25</ele>
        <extensions>
          <gpxtpx:TrackPointExtension>
            <gpxtpx:Extensions>
              <highway>residential</highway>
              <surface>asphalt</surface>
              <oneway>no</oneway>
            </gpxtpx:Extensions>
          </gpxtpx:TrackPointExtension>
        </extensions>
      </trkpt>
      <trkpt lat="50.935932" lon="-114.135762">
        <ele>1102.5</ele>
        <extensions>
          <gpxtpx:TrackPointExtension>
            <gpxtpx:Extensions>
              <highway>footway</highway>
              <surface>asphalt</surface>
              <footway>crossing</footway>
            </gpxtpx:Extensions>
          </gpxtpx:TrackPointExtension>
        </extensions>
      </trkpt>
      <trkpt lat="50.935932" lon="-114.135749">
        <ele>1102.5</ele>
        <extensions>
          <gpxtpx:TrackPointExtension>
            <gpxtpx:Extensions>
              <highway>footway</highway>
              <surface>asphalt</surface>
              <footway>crossing</footway>
            </gpxtpx:Extensions>
          </gpxtpx:TrackPointExtension>
        </extensions>
      </trkpt>
      <trkpt lat="50.935932" lon="-114.135747">
        <ele>1102.5</ele>
        <extensions>
          <gpxtpx:TrackPointExtension>
            <gpxtpx:Extensions>
              <highway>footway</highway>
              <surface>asphalt</surface>
              <footway>crossing</footway>
            </gpxtpx:Extensions>
          </gpxtpx:TrackPointExtension>
        </extensions>
      </trkpt>
      <trkpt lat="50.935951" lon="-114.135684">
        <ele>1102.75</ele>
        <extensions>
          <gpxtpx:TrackPointExtension>
            <gpxtpx:Extensions>
              <reversedirection>yes</reversedirection>
              <highway>path</highway>
              <surface>asphalt</surface>
              <foot>designated</foot>
              <bicycle>designated</bicycle>
              <segregated>no</segregated>
            </gpxtpx:Extensions>
          </gpxtpx:TrackPointExtension>
        </extensions>
      </trkpt>
      <trkpt lat="50.935957" lon="-114.135047">
        <ele>1104</ele>
        <extensions>
          <gpxtpx:TrackPointExtension>
            <gpxtpx:Extensions>
              <reversedirection>yes</reversedirection>
              <highway>path</highway>
              <surface>asphalt</surface>
              <foot>designated</foot>
              <bicycle>designated</bicycle>
              <segregated>no</segregated>
            </gpxtpx:Extensions>
          </gpxtpx:TrackPointExtension>
        </extensions>
      </trkpt>
      <trkpt lat="50.935972" lon="-114.133628">
        <ele>1106.5</ele>
        <extensions>
          <gpxtpx:TrackPointExtension>
            <gpxtpx:Extensions>
              <reversedirection>yes</reversedirection>
              <highway>path</highway>
              <surface>asphalt</surface>
              <foot>designated</foot>
              <bicycle>designated</bicycle>
              <segregated>no</segregated>
            </gpxtpx:Extensions>
          </gpxtpx:TrackPointExtension>
        </extensions>
      </trkpt>
      <trkpt lat="50.935943" lon="-114.132961">
        <ele>1107.25</ele>
        <extensions>
          <gpxtpx:TrackPointExtension>
            <gpxtpx:Extensions>
              <reversedirection>yes</reversedirection>
              <highway>path</highway>
              <surface>asphalt</surface>
              <foot>designated</foot>
              <bicycle>designated</bicycle>
              <segregated>no</segregated>
            </gpxtpx:Extensions>
          </gpxtpx:TrackPointExtension>
        </extensions>
      </trkpt>
      <trkpt lat="50.935882" lon="-114.132596">
        <ele>1107</ele>
        <extensions>
          <gpxtpx:TrackPointExtension>
            <gpxtpx:Extensions>
              <reversedirection>yes</reversedirection>
              <highway>path</highway>
              <surface>asphalt</surface>
              <foot>designated</foot>
              <bicycle>designated</bicycle>
              <segregated>no</segregated>
            </gpxtpx:Extensions>
          </gpxtpx:TrackPointExtension>
        </extensions>
      </trkpt>
      <trkpt lat="50.935869" lon="-114.132546">
        <ele>1107</ele>
        <extensions>
          <gpxtpx:TrackPointExtension>
            <gpxtpx:Extensions>
              <reversedirection>yes</reversedirection>
              <highway>path</highway>
              <surface>asphalt</surface>
              <foot>designated</foot>
              <bicycle>designated</bicycle>
              <segregated>no</segregated>
            </gpxtpx:Extensions>
          </gpxtpx:TrackPointExtension>
        </extensions>
      </trkpt>
      <trkpt lat="50.935907" lon="-114.132506">
        <ele>1107</ele>
        <extensions>
          <gpxtpx:TrackPointExtension>
            <gpxtpx:Extensions>
              <reversedirection>yes</reversedirection>
              <highway>path</highway>
              <surface>asphalt</surface>
              <foot>designated</foot>
              <bicycle>designated</bicycle>
              <segregated>no</segregated>
            </gpxtpx:Extensions>
          </gpxtpx:TrackPointExtension>
        </extensions>
      </trkpt>
      <trkpt lat="50.935937" lon="-114.132458">
        <ele>1107.25</ele>
        <extensions>
          <gpxtpx:TrackPointExtension>
            <gpxtpx:Extensions>
              <reversedirection>yes</reversedirection>
              <highway>path</highway>
              <surface>asphalt</surface>
              <foot>designated</foot>
              <bicycle>designated</bicycle>
              <segregated>no</segregated>
            </gpxtpx:Extensions>
          </gpxtpx:TrackPointExtension>
        </extensions>
      </trkpt>
      <trkpt lat="50.935931" lon="-114.132342">
        <ele>1107.25</ele>
        <extensions>
          <gpxtpx:TrackPointExtension>
            <gpxtpx:Extensions>
              <reversedirection>yes</reversedirection>
              <highway>path</highway>
              <surface>asphalt</surface>
              <foot>designated</foot>
              <bicycle>designated</bicycle>
              <segregated>no</segregated>
            </gpxtpx:Extensions>
          </gpxtpx:TrackPointExtension>
        </extensions>
      </trkpt>
      <trkpt lat="50.93594" lon="-114.128255">
        <ele>1106</ele>
        <extensions>
          <gpxtpx:TrackPointExtension>
            <gpxtpx:Extensions>
              <reversedirection>yes</reversedirection>
              <highway>path</highway>
              <surface>asphalt</surface>
              <foot>designated</foot>
              <bicycle>designated</bicycle>
              <segregated>no</segregated>
            </gpxtpx:Extensions>
          </gpxtpx:TrackPointExtension>
        </extensions>
      </trkpt>
      <trkpt lat="50.935934" lon="-114.127044">
        <ele>1104.75</ele>
        <extensions>
          <gpxtpx:TrackPointExtension>
            <gpxtpx:Extensions>
              <reversedirection>yes</reversedirection>
              <highway>path</highway>
              <surface>asphalt</surface>
              <foot>designated</foot>
              <bicycle>designated</bicycle>
              <segregated>no</segregated>
            </gpxtpx:Extensions>
          </gpxtpx:TrackPointExtension>
        </extensions>
      </trkpt>
      <trkpt lat="50.935929" lon="-114.125736">
        <ele>1103.75</ele>
        <extensions>
          <gpxtpx:TrackPointExtension>
            <gpxtpx:Extensions>
              <reversedirection>yes</reversedirection>
              <highway>path</highway>
              <surface>asphalt</surface>
              <foot>designated</foot>
              <bicycle>designated</bicycle>
              <segregated>no</segregated>
            </gpxtpx:Extensions>
          </gpxtpx:TrackPointExtension>
        </extensions>
      </trkpt>
      <trkpt lat="50.935918" lon="-114.124587">
        <ele>1102</ele>
        <extensions>
          <gpxtpx:TrackPointExtension>
            <gpxtpx:Extensions>
              <reversedirection>yes</reversedirection>
              <highway>path</highway>
              <surface>asphalt</surface>
              <foot>designated</foot>
              <bicycle>designated</bicycle>
              <segregated>no</segregated>
            </gpxtpx:Extensions>
          </gpxtpx:TrackPointExtension>
        </extensions>
      </trkpt>
      <trkpt lat="50.935936" lon="-114.124515">
        <ele>1101.75</ele>
        <extensions>
          <gpxtpx:TrackPointExtension>
            <gpxtpx:Extensions>
              <reversedirection>yes</reversedirection>
              <highway>path</highway>
              <surface>asphalt</surface>
              <foot>designated</foot>
              <bicycle>designated</bicycle>
              <segregated>no</segregated>
            </gpxtpx:Extensions>
          </gpxtpx:TrackPointExtension>
        </extensions>
      </trkpt>
      <trkpt lat="50.935936" lon="-114.124173">
        <ele>1101</ele>
        <extensions>
          <gpxtpx:TrackPointExtension>
            <gpxtpx:Extensions>
              <reversedirection>yes</reversedirection>
              <highway>path</highway>
              <surface>asphalt</surface>
              <foot>designated</foot>
              <bicycle>designated</bicycle>
              <segregated>no</segregated>
            </gpxtpx:Extensions>
          </gpxtpx:TrackPointExtension>
        </extensions>
      </trkpt>
      <trkpt lat="50.935936" lon="-114.1225">
        <ele>1098.25</ele>
        <extensions>
          <gpxtpx:TrackPointExtension>
            <gpxtpx:Extensions>
              <reversedirection>yes</reversedirection>
              <highway>path</highway>
              <surface>asphalt</surface>
              <foot>designated</foot>
              <bicycle>designated</bicycle>
              <segregated>no</segregated>
            </gpxtpx:Extensions>
          </gpxtpx:TrackPointExtension>
        </extensions>
      </trkpt>
      <trkpt lat="50.935895" lon="-114.12188">
        <ele>1097.25</ele>
        <extensions>
          <gpxtpx:TrackPointExtension>
            <gpxtpx:Extensions>
              <reversedirection>yes</reversedirection>
              <highway>path</highway>
              <surface>asphalt</surface>
              <foot>designated</foot>
              <bicycle>designated</bicycle>
              <segregated>no</segregated>
            </gpxtpx:Extensions>
          </gpxtpx:TrackPointExtension>
        </extensions>
      </trkpt>
      <trkpt lat="50.935912" lon="-114.121846">
        <ele>1097.25</ele>
        <extensions>
          <gpxtpx:TrackPointExtension>
            <gpxtpx:Extensions>
              <reversedirection>yes</reversedirection>
              <highway>path</highway>
              <surface>asphalt</surface>
              <foot>designated</foot>
              <bicycle>designated</bicycle>
              <segregated>no</segregated>
            </gpxtpx:Extensions>
          </gpxtpx:TrackPointExtension>
        </extensions>
      </trkpt>
      <trkpt lat="50.935943" lon="-114.121781">
        <ele>1097.5</ele>
        <extensions>
          <gpxtpx:TrackPointExtension>
            <gpxtpx:Extensions>
              <reversedirection>yes</reversedirection>
              <highway>path</highway>
              <surface>asphalt</surface>
              <foot>designated</foot>
              <bicycle>designated</bicycle>
              <segregated>no</segregated>
            </gpxtpx:Extensions>
          </gpxtpx:TrackPointExtension>
        </extensions>
      </trkpt>
      <trkpt lat="50.935941" lon="-114.121689">
        <ele>1097.25</ele>
        <extensions>
          <gpxtpx:TrackPointExtension>
            <gpxtpx:Extensions>
              <reversedirection>yes</reversedirection>
              <highway>path</highway>
              <surface>asphalt</surface>
              <foot>designated</foot>
              <bicycle>designated</bicycle>
              <segregated>no</segregated>
            </gpxtpx:Extensions>
          </gpxtpx:TrackPointExtension>
        </extensions>
      </trkpt>
      <trkpt lat="50.93594" lon="-114.12152">
        <ele>1097</ele>
        <extensions>
          <gpxtpx:TrackPointExtension>
            <gpxtpx:Extensions>
              <reversedirection>yes</reversedirection>
              <highway>path</highway>
              <surface>asphalt</surface>
              <foot>designated</foot>
              <bicycle>designated</bicycle>
              <segregated>no</segregated>
            </gpxtpx:Extensions>
          </gpxtpx:TrackPointExtension>
        </extensions>
      </trkpt>
      <trkpt lat="50.935927" lon="-114.121503">
        <ele>1097</ele>
        <extensions>
          <gpxtpx:TrackPointExtension>
            <gpxtpx:Extensions>
              <reversedirection>yes</reversedirection>
              <highway>path</highway>
              <surface>asphalt</surface>
              <foot>designated</foot>
              <bicycle>designated</bicycle>
              <segregated>no</segregated>
            </gpxtpx:Extensions>
          </gpxtpx:TrackPointExtension>
        </extensions>
      </trkpt>
      <trkpt lat="50.935904" lon="-114.121218">
        <ele>1096.75</ele>
        <extensions>
          <gpxtpx:TrackPointExtension>
            <gpxtpx:Extensions>
              <reversedirection>yes</reversedirection>
              <highway>path</highway>
              <surface>asphalt</surface>
              <foot>designated</foot>
              <bicycle>designated</bicycle>
              <segregated>no</segregated>
            </gpxtpx:Extensions>
          </gpxtpx:TrackPointExtension>
        </extensions>
      </trkpt>
      <trkpt lat="50.93585" lon="-114.120822">
        <ele>1096</ele>
        <extensions>
          <gpxtpx:TrackPointExtension>
            <gpxtpx:Extensions>
              <reversedirection>yes</reversedirection>
              <highway>path</highway>
              <surface>asphalt</surface>
              <foot>designated</foot>
              <bicycle>designated</bicycle>
              <segregated>no</segregated>
            </gpxtpx:Extensions>
          </gpxtpx:TrackPointExtension>
        </extensions>
      </trkpt>
      <trkpt lat="50.93566" lon="-114.11962">
        <ele>1094.75</ele>
        <extensions>
          <gpxtpx:TrackPointExtension>
            <gpxtpx:Extensions>
              <reversedirection>yes</reversedirection>
              <highway>path</highway>
              <surface>asphalt</surface>
              <foot>designated</foot>
              <bicycle>designated</bicycle>
              <segregated>no</segregated>
            </gpxtpx:Extensions>
          </gpxtpx:TrackPointExtension>
        </extensions>
      </trkpt>
      <trkpt lat="50.935615" lon="-114.119085">
        <ele>1094.5</ele>
        <extensions>
          <gpxtpx:TrackPointExtension>
            <gpxtpx:Extensions>
              <reversedirection>yes</reversedirection>
              <highway>path</highway>
              <surface>asphalt</surface>
              <foot>designated</foot>
              <bicycle>designated</bicycle>
              <segregated>no</segregated>
            </gpxtpx:Extensions>
          </gpxtpx:TrackPointExtension>
        </extensions>
      </trkpt>
      <trkpt lat="50.935613" lon="-114.118677">
        <ele>1094.25</ele>
        <extensions>
          <gpxtpx:TrackPointExtension>
            <gpxtpx:Extensions>
              <reversedirection>yes</reversedirection>
              <highway>path</highway>
              <surface>asphalt</surface>
              <foot>designated</foot>
              <bicycle>designated</bicycle>
              <segregated>no</segregated>
            </gpxtpx:Extensions>
          </gpxtpx:TrackPointExtension>
        </extensions>
      </trkpt>
      <trkpt lat="50.935611" lon="-114.118168">
        <ele>1094.25</ele>
        <extensions>
          <gpxtpx:TrackPointExtension>
            <gpxtpx:Extensions>
              <reversedirection>yes</reversedirection>
              <highway>path</highway>
              <surface>asphalt</surface>
              <foot>designated</foot>
              <bicycle>designated</bicycle>
              <segregated>no</segregated>
            </gpxtpx:Extensions>
          </gpxtpx:TrackPointExtension>
        </extensions>
      </trkpt>
      <trkpt lat="50.935589" lon="-114.118128">
        <ele>1094.25</ele>
        <extensions>
          <gpxtpx:TrackPointExtension>
            <gpxtpx:Extensions>
              <reversedirection>yes</reversedirection>
              <highway>path</highway>
              <surface>asphalt</surface>
              <foot>designated</foot>
              <bicycle>designated</bicycle>
              <segregated>no</segregated>
            </gpxtpx:Extensions>
          </gpxtpx:TrackPointExtension>
        </extensions>
      </trkpt>
      <trkpt lat="50.935549" lon="-114.118103">
        <ele>1094.25</ele>
        <extensions>
          <gpxtpx:TrackPointExtension>
            <gpxtpx:Extensions>
              <reversedirection>yes</reversedirection>
              <highway>path</highway>
              <surface>asphalt</surface>
              <foot>designated</foot>
              <bicycle>designated</bicycle>
              <segregated>no</segregated>
            </gpxtpx:Extensions>
          </gpxtpx:TrackPointExtension>
        </extensions>
      </trkpt>
      <trkpt lat="50.935544" lon="-114.118103">
        <ele>1094</ele>
        <extensions>
          <gpxtpx:TrackPointExtension>
            <gpxtpx:Extensions>
              <reversedirection>yes</reversedirection>
              <highway>cycleway</highway>
              <surface>asphalt</surface>
              <maxspeed>20</maxspeed>
              <foot>yes</foot>
              <bicycle>yes</bicycle>
            </gpxtpx:Extensions>
          </gpxtpx:TrackPointExtension>
        </extensions>
      </trkpt>
      <trkpt lat="50.935244" lon="-114.118084">
        <ele>1093.5</ele>
        <extensions>
          <gpxtpx:TrackPointExtension>
            <gpxtpx:Extensions>
              <reversedirection>yes</reversedirection>
              <highway>cycleway</highway>
              <surface>asphalt</surface>
              <maxspeed>20</maxspeed>
              <foot>yes</foot>
              <bicycle>yes</bicycle>
            </gpxtpx:Extensions>
          </gpxtpx:TrackPointExtension>
        </extensions>
      </trkpt>
      <trkpt lat="50.935116" lon="-114.118059">
        <ele>1093.25</ele>
        <extensions>
          <gpxtpx:TrackPointExtension>
            <gpxtpx:Extensions>
              <reversedirection>yes</reversedirection>
              <highway>cycleway</highway>
              <surface>asphalt</surface>
              <maxspeed>20</maxspeed>
              <foot>yes</foot>
              <bicycle>yes</bicycle>
            </gpxtpx:Extensions>
          </gpxtpx:TrackPointExtension>
        </extensions>
      </trkpt>
      <trkpt lat="50.934518" lon="-114.118081">
        <ele>1093</ele>
        <extensions>
          <gpxtpx:TrackPointExtension>
            <gpxtpx:Extensions>
              <reversedirection>yes</reversedirection>
              <highway>cycleway</highway>
              <surface>asphalt</surface>
              <maxspeed>20</maxspeed>
              <foot>yes</foot>
              <bicycle>yes</bicycle>
            </gpxtpx:Extensions>
          </gpxtpx:TrackPointExtension>
        </extensions>
      </trkpt>
      <trkpt lat="50.934467" lon="-114.118076">
        <ele>1093</ele>
        <extensions>
          <gpxtpx:TrackPointExtension>
            <gpxtpx:Extensions>
              <reversedirection>yes</reversedirection>
              <highway>cycleway</highway>
              <surface>asphalt</surface>
              <maxspeed>20</maxspeed>
              <foot>yes</foot>
              <bicycle>yes</bicycle>
            </gpxtpx:Extensions>
          </gpxtpx:TrackPointExtension>
        </extensions>
      </trkpt>
      <trkpt lat="50.934398" lon="-114.118052">
        <ele>1092.75</ele>
        <extensions>
          <gpxtpx:TrackPointExtension>
            <gpxtpx:Extensions>
              <reversedirection>yes</reversedirection>
              <highway>cycleway</highway>
              <surface>asphalt</surface>
              <maxspeed>20</maxspeed>
              <foot>yes</foot>
              <bicycle>yes</bicycle>
            </gpxtpx:Extensions>
          </gpxtpx:TrackPointExtension>
        </extensions>
      </trkpt>
      <trkpt lat="50.934329" lon="-114.118026">
        <ele>1092.75</ele>
        <extensions>
          <gpxtpx:TrackPointExtension>
            <gpxtpx:Extensions>
              <reversedirection>yes</reversedirection>
              <highway>cycleway</highway>
              <surface>asphalt</surface>
              <maxspeed>20</maxspeed>
              <foot>yes</foot>
              <bicycle>yes</bicycle>
            </gpxtpx:Extensions>
          </gpxtpx:TrackPointExtension>
        </extensions>
      </trkpt>
      <trkpt lat="50.934262" lon="-114.118022">
        <ele>1092.75</ele>
        <extensions>
          <gpxtpx:TrackPointExtension>
            <gpxtpx:Extensions>
              <reversedirection>yes</reversedirection>
              <highway>cycleway</highway>
              <surface>asphalt</surface>
              <maxspeed>20</maxspeed>
              <foot>yes</foot>
              <bicycle>yes</bicycle>
            </gpxtpx:Extensions>
          </gpxtpx:TrackPointExtension>
        </extensions>
      </trkpt>
      <trkpt lat="50.933853" lon="-114.118026">
        <ele>1092.25</ele>
        <extensions>
          <gpxtpx:TrackPointExtension>
            <gpxtpx:Extensions>
              <reversedirection>yes</reversedirection>
              <highway>cycleway</highway>
              <surface>asphalt</surface>
              <maxspeed>20</maxspeed>
              <foot>yes</foot>
              <bicycle>yes</bicycle>
            </gpxtpx:Extensions>
          </gpxtpx:TrackPointExtension>
        </extensions>
      </trkpt>
      <trkpt lat="50.933566" lon="-114.118054">
        <ele>1091.75</ele>
        <extensions>
          <gpxtpx:TrackPointExtension>
            <gpxtpx:Extensions>
              <reversedirection>yes</reversedirection>
              <highway>cycleway</highway>
              <surface>asphalt</surface>
              <maxspeed>20</maxspeed>
              <foot>yes</foot>
              <bicycle>yes</bicycle>
            </gpxtpx:Extensions>
          </gpxtpx:TrackPointExtension>
        </extensions>
      </trkpt>
      <trkpt lat="50.933478" lon="-114.118024">
        <ele>1091.5</ele>
        <extensions>
          <gpxtpx:TrackPointExtension>
            <gpxtpx:Extensions>
              <reversedirection>yes</reversedirection>
              <highway>cycleway</highway>
              <surface>asphalt</surface>
              <maxspeed>20</maxspeed>
              <foot>yes</foot>
              <bicycle>yes</bicycle>
            </gpxtpx:Extensions>
          </gpxtpx:TrackPointExtension>
        </extensions>
      </trkpt>
      <trkpt lat="50.933376" lon="-114.117988">
        <ele>1091.25</ele>
        <extensions>
          <gpxtpx:TrackPointExtension>
            <gpxtpx:Extensions>
              <reversedirection>yes</reversedirection>
              <highway>cycleway</highway>
              <surface>asphalt</surface>
              <maxspeed>20</maxspeed>
              <foot>yes</foot>
              <bicycle>yes</bicycle>
            </gpxtpx:Extensions>
          </gpxtpx:TrackPointExtension>
        </extensions>
      </trkpt>
      <trkpt lat="50.933365" lon="-114.117901">
        <ele>1091.5</ele>
        <extensions>
          <gpxtpx:TrackPointExtension>
            <gpxtpx:Extensions>
              <reversedirection>yes</reversedirection>
              <highway>cycleway</highway>
              <surface>asphalt</surface>
              <maxspeed>20</maxspeed>
              <foot>yes</foot>
              <bicycle>yes</bicycle>
            </gpxtpx:Extensions>
          </gpxtpx:TrackPointExtension>
        </extensions>
      </trkpt>
      <trkpt lat="50.933361" lon="-114.117901">
        <ele>1091.25</ele>
        <extensions>
          <gpxtpx:TrackPointExtension>
            <gpxtpx:Extensions>
              <reversedirection>yes</reversedirection>
              <highway>service</highway>
            </gpxtpx:Extensions>
          </gpxtpx:TrackPointExtension>
        </extensions>
      </trkpt>
      <trkpt lat="50.933061" lon="-114.117894">
        <ele>1089.75</ele>
        <extensions>
          <gpxtpx:TrackPointExtension>
            <gpxtpx:Extensions>
              <reversedirection>yes</reversedirection>
              <highway>service</highway>
            </gpxtpx:Extensions>
          </gpxtpx:TrackPointExtension>
        </extensions>
      </trkpt>
      <trkpt lat="50.93293" lon="-114.117847">
        <ele>1089</ele>
        <extensions>
          <gpxtpx:TrackPointExtension>
            <gpxtpx:Extensions>
              <reversedirection>yes</reversedirection>
              <highway>service</highway>
            </gpxtpx:Extensions>
          </gpxtpx:TrackPointExtension>
        </extensions>
      </trkpt>
      <trkpt lat="50.932845" lon="-114.11776">
        <ele>1088.75</ele>
        <extensions>
          <gpxtpx:TrackPointExtension>
            <gpxtpx:Extensions>
              <reversedirection>yes</reversedirection>
              <highway>service</highway>
            </gpxtpx:Extensions>
          </gpxtpx:TrackPointExtension>
        </extensions>
      </trkpt>
      <trkpt lat="50.932795" lon="-114.117668">
        <ele>1088.5</ele>
        <extensions>
          <gpxtpx:TrackPointExtension>
            <gpxtpx:Extensions>
              <reversedirection>yes</reversedirection>
              <highway>service</highway>
            </gpxtpx:Extensions>
          </gpxtpx:TrackPointExtension>
        </extensions>
      </trkpt>
      <trkpt lat="50.932555" lon="-114.117152">
        <ele>1087.75</ele>
        <extensions>
          <gpxtpx:TrackPointExtension>
            <gpxtpx:Extensions>
              <reversedirection>yes</reversedirection>
              <highway>service</highway>
            </gpxtpx:Extensions>
          </gpxtpx:TrackPointExtension>
        </extensions>
      </trkpt>
      <trkpt lat="50.932429" lon="-114.116913">
        <ele>1087</ele>
        <extensions>
          <gpxtpx:TrackPointExtension>
            <gpxtpx:Extensions>
              <reversedirection>yes</reversedirection>
              <highway>service</highway>
            </gpxtpx:Extensions>
          </gpxtpx:TrackPointExtension>
        </extensions>
      </trkpt>
      <trkpt lat="50.932358" lon="-114.116821">
        <ele>1086.5</ele>
        <extensions>
          <gpxtpx:TrackPointExtension>
            <gpxtpx:Extensions>
              <reversedirection>yes</reversedirection>
              <highway>service</highway>
            </gpxtpx:Extensions>
          </gpxtpx:TrackPointExtension>
        </extensions>
      </trkpt>
      <trkpt lat="50.932276" lon="-114.116731">
        <ele>1085.75</ele>
        <extensions>
          <gpxtpx:TrackPointExtension>
            <gpxtpx:Extensions>
              <reversedirection>yes</reversedirection>
              <highway>service</highway>
            </gpxtpx:Extensions>
          </gpxtpx:TrackPointExtension>
        </extensions>
      </trkpt>
      <trkpt lat="50.932174" lon="-114.116653">
        <ele>1084.75</ele>
        <extensions>
          <gpxtpx:TrackPointExtension>
            <gpxtpx:Extensions>
              <reversedirection>yes</reversedirection>
              <highway>service</highway>
            </gpxtpx:Extensions>
          </gpxtpx:TrackPointExtension>
        </extensions>
      </trkpt>
      <trkpt lat="50.932069" lon="-114.116587">
        <ele>1084</ele>
        <extensions>
          <gpxtpx:TrackPointExtension>
            <gpxtpx:Extensions>
              <reversedirection>yes</reversedirection>
              <highway>service</highway>
            </gpxtpx:Extensions>
          </gpxtpx:TrackPointExtension>
        </extensions>
      </trkpt>
      <trkpt lat="50.931764" lon="-114.116466">
        <ele>1081.25</ele>
        <extensions>
          <gpxtpx:TrackPointExtension>
            <gpxtpx:Extensions>
              <reversedirection>yes</reversedirection>
              <highway>service</highway>
            </gpxtpx:Extensions>
          </gpxtpx:TrackPointExtension>
        </extensions>
      </trkpt>
      <trkpt lat="50.93164" lon="-114.116406">
        <ele>1080.5</ele>
        <extensions>
          <gpxtpx:TrackPointExtension>
            <gpxtpx:Extensions>
              <reversedirection>yes</reversedirection>
              <highway>service</highway>
            </gpxtpx:Extensions>
          </gpxtpx:TrackPointExtension>
        </extensions>
      </trkpt>
      <trkpt lat="50.931534" lon="-114.116338">
        <ele>1080.5</ele>
        <extensions>
          <gpxtpx:TrackPointExtension>
            <gpxtpx:Extensions>
              <reversedirection>yes</reversedirection>
              <highway>service</highway>
            </gpxtpx:Extensions>
          </gpxtpx:TrackPointExtension>
        </extensions>
      </trkpt>
      <trkpt lat="50.931427" lon="-114.116255">
        <ele>1080.25</ele>
        <extensions>
          <gpxtpx:TrackPointExtension>
            <gpxtpx:Extensions>
              <reversedirection>yes</reversedirection>
              <highway>service</highway>
            </gpxtpx:Extensions>
          </gpxtpx:TrackPointExtension>
        </extensions>
      </trkpt>
      <trkpt lat="50.931266" lon="-114.116091">
        <ele>1079.5</ele>
        <extensions>
          <gpxtpx:TrackPointExtension>
            <gpxtpx:Extensions>
              <reversedirection>yes</reversedirection>
              <highway>service</highway>
            </gpxtpx:Extensions>
          </gpxtpx:TrackPointExtension>
        </extensions>
      </trkpt>
      <trkpt lat="50.93111" lon="-114.115897">
        <ele>1078</ele>
        <extensions>
          <gpxtpx:TrackPointExtension>
            <gpxtpx:Extensions>
              <reversedirection>yes</reversedirection>
              <highway>service</highway>
            </gpxtpx:Extensions>
          </gpxtpx:TrackPointExtension>
        </extensions>
      </trkpt>
      <trkpt lat="50.930997" lon="-114.115723">
        <ele>1076.25</ele>
        <extensions>
          <gpxtpx:TrackPointExtension>
            <gpxtpx:Extensions>
              <reversedirection>yes</reversedirection>
              <highway>service</highway>
            </gpxtpx:Extensions>
          </gpxtpx:TrackPointExtension>
        </extensions>
      </trkpt>
      <trkpt lat="50.930841" lon="-114.11555">
        <ele>1073.5</ele>
        <extensions>
          <gpxtpx:TrackPointExtension>
            <gpxtpx:Extensions>
              <reversedirection>yes</reversedirection>
              <highway>service</highway>
            </gpxtpx:Extensions>
          </gpxtpx:TrackPointExtension>
        </extensions>
      </trkpt>
      <trkpt lat="50.93075" lon="-114.115464">
        <ele>1072.25</ele>
        <extensions>
          <gpxtpx:TrackPointExtension>
            <gpxtpx:Extensions>
              <reversedirection>yes</reversedirection>
              <highway>service</highway>
            </gpxtpx:Extensions>
          </gpxtpx:TrackPointExtension>
        </extensions>
      </trkpt>
      <trkpt lat="50.930533" lon="-114.115317">
        <ele>1069.5</ele>
        <extensions>
          <gpxtpx:TrackPointExtension>
            <gpxtpx:Extensions>
              <reversedirection>yes</reversedirection>
              <highway>service</highway>
            </gpxtpx:Extensions>
          </gpxtpx:TrackPointExtension>
        </extensions>
      </trkpt>
      <trkpt lat="50.930517" lon="-114.115306">
        <ele>1069.5</ele>
        <extensions>
          <gpxtpx:TrackPointExtension>
            <gpxtpx:Extensions>
              <reversedirection>yes</reversedirection>
              <highway>service</highway>
            </gpxtpx:Extensions>
          </gpxtpx:TrackPointExtension>
        </extensions>
      </trkpt>
      <trkpt lat="50.930308" lon="-114.115117">
        <ele>1066.5</ele>
        <extensions>
          <gpxtpx:TrackPointExtension>
            <gpxtpx:Extensions>
              <reversedirection>yes</reversedirection>
              <highway>service</highway>
            </gpxtpx:Extensions>
          </gpxtpx:TrackPointExtension>
        </extensions>
      </trkpt>
      <trkpt lat="50.930231" lon="-114.115051">
        <ele>1065.75</ele>
        <extensions>
          <gpxtpx:TrackPointExtension>
            <gpxtpx:Extensions>
              <reversedirection>yes</reversedirection>
              <highway>service</highway>
            </gpxtpx:Extensions>
          </gpxtpx:TrackPointExtension>
        </extensions>
      </trkpt>
      <trkpt lat="50.930017" lon="-114.114866">
        <ele>1063.75</ele>
        <extensions>
          <gpxtpx:TrackPointExtension>
            <gpxtpx:Extensions>
              <reversedirection>yes</reversedirection>
              <highway>service</highway>
            </gpxtpx:Extensions>
          </gpxtpx:TrackPointExtension>
        </extensions>
      </trkpt>
      <trkpt lat="50.92984" lon="-114.114736">
        <ele>1063.25</ele>
        <extensions>
          <gpxtpx:TrackPointExtension>
            <gpxtpx:Extensions>
              <reversedirection>yes</reversedirection>
              <highway>service</highway>
            </gpxtpx:Extensions>
          </gpxtpx:TrackPointExtension>
        </extensions>
      </trkpt>
      <trkpt lat="50.929778" lon="-114.114704">
        <ele>1063</ele>
        <extensions>
          <gpxtpx:TrackPointExtension>
            <gpxtpx:Extensions>
              <reversedirection>yes</reversedirection>
              <highway>service</highway>
            </gpxtpx:Extensions>
          </gpxtpx:TrackPointExtension>
        </extensions>
      </trkpt>
      <trkpt lat="50.929737" lon="-114.114694">
        <ele>1063</ele>
        <extensions>
          <gpxtpx:TrackPointExtension>
            <gpxtpx:Extensions>
              <reversedirection>yes</reversedirection>
              <highway>service</highway>
            </gpxtpx:Extensions>
          </gpxtpx:TrackPointExtension>
        </extensions>
      </trkpt>
      <trkpt lat="50.929662" lon="-114.114688">
        <ele>1063</ele>
        <extensions>
          <gpxtpx:TrackPointExtension>
            <gpxtpx:Extensions>
              <reversedirection>yes</reversedirection>
              <highway>service</highway>
            </gpxtpx:Extensions>
          </gpxtpx:TrackPointExtension>
        </extensions>
      </trkpt>
      <trkpt lat="50.929617" lon="-114.114705">
        <ele>1063</ele>
        <extensions>
          <gpxtpx:TrackPointExtension>
            <gpxtpx:Extensions>
              <reversedirection>yes</reversedirection>
              <highway>service</highway>
            </gpxtpx:Extensions>
          </gpxtpx:TrackPointExtension>
        </extensions>
      </trkpt>
      <trkpt lat="50.929572" lon="-114.114662">
        <ele>1063</ele>
        <extensions>
          <gpxtpx:TrackPointExtension>
            <gpxtpx:Extensions>
              <highway>footway</highway>
              <surface>asphalt</surface>
              <maxspeed>20</maxspeed>
              <foot>yes</foot>
              <bicycle>yes</bicycle>
            </gpxtpx:Extensions>
          </gpxtpx:TrackPointExtension>
        </extensions>
      </trkpt>
      <trkpt lat="50.92954" lon="-114.114594">
        <ele>1063</ele>
        <extensions>
          <gpxtpx:TrackPointExtension>
            <gpxtpx:Extensions>
              <highway>footway</highway>
              <surface>asphalt</surface>
              <maxspeed>20</maxspeed>
              <foot>yes</foot>
              <bicycle>yes</bicycle>
            </gpxtpx:Extensions>
          </gpxtpx:TrackPointExtension>
        </extensions>
      </trkpt>
      <trkpt lat="50.929528" lon="-114.114571">
        <ele>1062.75</ele>
        <extensions>
          <gpxtpx:TrackPointExtension>
            <gpxtpx:Extensions>
              <highway>footway</highway>
              <surface>asphalt</surface>
              <maxspeed>20</maxspeed>
              <foot>yes</foot>
              <bicycle>yes</bicycle>
            </gpxtpx:Extensions>
          </gpxtpx:TrackPointExtension>
        </extensions>
      </trkpt>
      <trkpt lat="50.929487" lon="-114.114429">
        <ele>1062.75</ele>
        <extensions>
          <gpxtpx:TrackPointExtension>
            <gpxtpx:Extensions>
              <highway>footway</highway>
              <surface>asphalt</surface>
              <maxspeed>20</maxspeed>
              <foot>yes</foot>
              <bicycle>yes</bicycle>
            </gpxtpx:Extensions>
          </gpxtpx:TrackPointExtension>
        </extensions>
      </trkpt>
      <trkpt lat="50.929486" lon="-114.114432">
        <ele>1062.75</ele>
        <extensions>
          <gpxtpx:TrackPointExtension>
            <gpxtpx:Extensions>
              <reversedirection>yes</reversedirection>
              <highway>cycleway</highway>
              <surface>asphalt</surface>
              <maxspeed>20</maxspeed>
              <foot>yes</foot>
              <bicycle>yes</bicycle>
              <route_bicycle_rcn>yes</route_bicycle_rcn>
            </gpxtpx:Extensions>
          </gpxtpx:TrackPointExtension>
        </extensions>
      </trkpt>
      <trkpt lat="50.929487" lon="-114.114429">
        <ele>1062.75</ele>
        <extensions>
          <gpxtpx:TrackPointExtension>
            <gpxtpx:Extensions>
              <highway>footway</highway>
              <surface>asphalt</surface>
              <maxspeed>20</maxspeed>
              <foot>yes</foot>
              <bicycle>yes</bicycle>
            </gpxtpx:Extensions>
          </gpxtpx:TrackPointExtension>
        </extensions>
      </trkpt>
      <trkpt lat="50.929421" lon="-114.114229">
        <ele>1062.5</ele>
        <extensions>
          <gpxtpx:TrackPointExtension>
            <gpxtpx:Extensions>
              <highway>cycleway</highway>
              <surface>asphalt</surface>
              <maxspeed>20</maxspeed>
              <foot>yes</foot>
              <bicycle>yes</bicycle>
              <route_bicycle_rcn>yes</route_bicycle_rcn>
            </gpxtpx:Extensions>
          </gpxtpx:TrackPointExtension>
        </extensions>
      </trkpt>
      <trkpt lat="50.929306" lon="-114.113784">
        <ele>1062</ele>
        <extensions>
          <gpxtpx:TrackPointExtension>
            <gpxtpx:Extensions>
              <highway>cycleway</highway>
              <surface>asphalt</surface>
              <maxspeed>20</maxspeed>
              <foot>yes</foot>
              <bicycle>yes</bicycle>
              <route_bicycle_rcn>yes</route_bicycle_rcn>
            </gpxtpx:Extensions>
          </gpxtpx:TrackPointExtension>
        </extensions>
      </trkpt>
      <trkpt lat="50.929033" lon="-114.112726">
        <ele>1061.75</ele>
        <extensions>
          <gpxtpx:TrackPointExtension>
            <gpxtpx:Extensions>
              <highway>cycleway</highway>
              <surface>asphalt</surface>
              <maxspeed>20</maxspeed>
              <foot>yes</foot>
              <bicycle>yes</bicycle>
              <route_bicycle_rcn>yes</route_bicycle_rcn>
            </gpxtpx:Extensions>
          </gpxtpx:TrackPointExtension>
        </extensions>
      </trkpt>
      <trkpt lat="50.928991" lon="-114.112356">
        <ele>1061.25</ele>
        <extensions>
          <gpxtpx:TrackPointExtension>
            <gpxtpx:Extensions>
              <highway>cycleway</highway>
              <surface>asphalt</surface>
              <maxspeed>20</maxspeed>
              <foot>yes</foot>
              <bicycle>yes</bicycle>
              <route_bicycle_rcn>yes</route_bicycle_rcn>
            </gpxtpx:Extensions>
          </gpxtpx:TrackPointExtension>
        </extensions>
      </trkpt>
      <trkpt lat="50.928895" lon="-114.11222">
        <ele>1061.25</ele>
        <extensions>
          <gpxtpx:TrackPointExtension>
            <gpxtpx:Extensions>
              <reversedirection>yes</reversedirection>
              <highway>footway</highway>
              <maxspeed>20</maxspeed>
              <foot>yes</foot>
              <bicycle>yes</bicycle>
            </gpxtpx:Extensions>
          </gpxtpx:TrackPointExtension>
        </extensions>
      </trkpt>
      <trkpt lat="50.928884" lon="-114.112203">
        <ele>1061.25</ele>
        <extensions>
          <gpxtpx:TrackPointExtension>
            <gpxtpx:Extensions>
              <reversedirection>yes</reversedirection>
              <highway>footway</highway>
              <maxspeed>20</maxspeed>
              <foot>yes</foot>
              <bicycle>yes</bicycle>
            </gpxtpx:Extensions>
          </gpxtpx:TrackPointExtension>
        </extensions>
      </trkpt>
      <trkpt lat="50.928853" lon="-114.112111">
        <ele>1061.25</ele>
        <extensions>
          <gpxtpx:TrackPointExtension>
            <gpxtpx:Extensions>
              <highway>footway</highway>
              <maxspeed>20</maxspeed>
              <foot>yes</foot>
              <bicycle>yes</bicycle>
            </gpxtpx:Extensions>
          </gpxtpx:TrackPointExtension>
        </extensions>
      </trkpt>
      <trkpt lat="50.928819" lon="-114.111981">
        <ele>1061.25</ele>
        <extensions>
          <gpxtpx:TrackPointExtension>
            <gpxtpx:Extensions>
              <highway>footway</highway>
              <maxspeed>20</maxspeed>
              <foot>yes</foot>
              <bicycle>yes</bicycle>
            </gpxtpx:Extensions>
          </gpxtpx:TrackPointExtension>
        </extensions>
      </trkpt>
      <trkpt lat="50.928738" lon="-114.111589">
        <ele>1060.75</ele>
        <extensions>
          <gpxtpx:TrackPointExtension>
            <gpxtpx:Extensions>
              <highway>footway</highway>
              <maxspeed>20</maxspeed>
              <foot>yes</foot>
              <bicycle>yes</bicycle>
            </gpxtpx:Extensions>
          </gpxtpx:TrackPointExtension>
        </extensions>
      </trkpt>
      <trkpt lat="50.928717" lon="-114.111516">
        <ele>1060.75</ele>
        <extensions>
          <gpxtpx:TrackPointExtension>
            <gpxtpx:Extensions>
              <highway>footway</highway>
              <maxspeed>20</maxspeed>
              <foot>yes</foot>
              <bicycle>yes</bicycle>
            </gpxtpx:Extensions>
          </gpxtpx:TrackPointExtension>
        </extensions>
      </trkpt>
      <trkpt lat="50.92867" lon="-114.111404">
        <ele>1060.5</ele>
        <extensions>
          <gpxtpx:TrackPointExtension>
            <gpxtpx:Extensions>
              <highway>footway</highway>
              <maxspeed>20</maxspeed>
              <foot>yes</foot>
              <bicycle>yes</bicycle>
            </gpxtpx:Extensions>
          </gpxtpx:TrackPointExtension>
        </extensions>
      </trkpt>
      <trkpt lat="50.928617" lon="-114.111302">
        <ele>1060.5</ele>
        <extensions>
          <gpxtpx:TrackPointExtension>
            <gpxtpx:Extensions>
              <highway>footway</highway>
              <maxspeed>20</maxspeed>
              <foot>yes</foot>
              <bicycle>yes</bicycle>
            </gpxtpx:Extensions>
          </gpxtpx:TrackPointExtension>
        </extensions>
      </trkpt>
      <trkpt lat="50.92857" lon="-114.111247">
        <ele>1060.5</ele>
        <extensions>
          <gpxtpx:TrackPointExtension>
            <gpxtpx:Extensions>
              <highway>footway</highway>
              <maxspeed>20</maxspeed>
              <foot>yes</foot>
              <bicycle>yes</bicycle>
            </gpxtpx:Extensions>
          </gpxtpx:TrackPointExtension>
        </extensions>
      </trkpt>
      <trkpt lat="50.928531" lon="-114.111154">
        <ele>1060.25</ele>
        <extensions>
          <gpxtpx:TrackPointExtension>
            <gpxtpx:Extensions>
              <highway>footway</highway>
              <maxspeed>20</maxspeed>
              <foot>yes</foot>
              <bicycle>yes</bicycle>
            </gpxtpx:Extensions>
          </gpxtpx:TrackPointExtension>
        </extensions>
      </trkpt>
      <trkpt lat="50.928497" lon="-114.111094">
        <ele>1060.25</ele>
        <extensions>
          <gpxtpx:TrackPointExtension>
            <gpxtpx:Extensions>
              <highway>footway</highway>
              <maxspeed>20</maxspeed>
              <foot>yes</foot>
              <bicycle>yes</bicycle>
            </gpxtpx:Extensions>
          </gpxtpx:TrackPointExtension>
        </extensions>
      </trkpt>
      <trkpt lat="50.928087" lon="-114.110452">
        <ele>1058.25</ele>
        <extensions>
          <gpxtpx:TrackPointExtension>
            <gpxtpx:Extensions>
              <highway>footway</highway>
              <maxspeed>20</maxspeed>
              <foot>yes</foot>
              <bicycle>yes</bicycle>
            </gpxtpx:Extensions>
          </gpxtpx:TrackPointExtension>
        </extensions>
      </trkpt>
      <trkpt lat="50.928062" lon="-114.110426">
        <ele>1058</ele>
        <extensions>
          <gpxtpx:TrackPointExtension>
            <gpxtpx:Extensions>
              <highway>footway</highway>
              <maxspeed>20</maxspeed>
              <foot>yes</foot>
              <bicycle>yes</bicycle>
            </gpxtpx:Extensions>
          </gpxtpx:TrackPointExtension>
        </extensions>
      </trkpt>
      <trkpt lat="50.928033" lon="-114.110393">
        <ele>1058</ele>
        <extensions>
          <gpxtpx:TrackPointExtension>
            <gpxtpx:Extensions>
              <highway>footway</highway>
              <maxspeed>20</maxspeed>
              <foot>yes</foot>
              <bicycle>yes</bicycle>
            </gpxtpx:Extensions>
          </gpxtpx:TrackPointExtension>
        </extensions>
      </trkpt>
      <trkpt lat="50.927985" lon="-114.110353">
        <ele>1057.75</ele>
        <extensions>
          <gpxtpx:TrackPointExtension>
            <gpxtpx:Extensions>
              <highway>footway</highway>
              <maxspeed>20</maxspeed>
              <foot>yes</foot>
              <bicycle>yes</bicycle>
            </gpxtpx:Extensions>
          </gpxtpx:TrackPointExtension>
        </extensions>
      </trkpt>
      <trkpt lat="50.92794" lon="-114.110328">
        <ele>1057.75</ele>
        <extensions>
          <gpxtpx:TrackPointExtension>
            <gpxtpx:Extensions>
              <highway>footway</highway>
              <maxspeed>20</maxspeed>
              <foot>yes</foot>
              <bicycle>yes</bicycle>
            </gpxtpx:Extensions>
          </gpxtpx:TrackPointExtension>
        </extensions>
      </trkpt>
      <trkpt lat="50.927835" lon="-114.110303">
        <ele>1057.5</ele>
        <extensions>
          <gpxtpx:TrackPointExtension>
            <gpxtpx:Extensions>
              <highway>footway</highway>
              <maxspeed>20</maxspeed>
              <foot>yes</foot>
              <bicycle>yes</bicycle>
            </gpxtpx:Extensions>
          </gpxtpx:TrackPointExtension>
        </extensions>
      </trkpt>
      <trkpt lat="50.927718" lon="-114.110288">
        <ele>1057.5</ele>
        <extensions>
          <gpxtpx:TrackPointExtension>
            <gpxtpx:Extensions>
              <highway>footway</highway>
              <maxspeed>20</maxspeed>
              <foot>yes</foot>
              <bicycle>yes</bicycle>
            </gpxtpx:Extensions>
          </gpxtpx:TrackPointExtension>
        </extensions>
      </trkpt>
      <trkpt lat="50.927641" lon="-114.110292">
        <ele>1057.25</ele>
        <extensions>
          <gpxtpx:TrackPointExtension>
            <gpxtpx:Extensions>
              <highway>footway</highway>
              <maxspeed>20</maxspeed>
              <foot>yes</foot>
              <bicycle>yes</bicycle>
            </gpxtpx:Extensions>
          </gpxtpx:TrackPointExtension>
        </extensions>
      </trkpt>
      <trkpt lat="50.927568" lon="-114.110335">
        <ele>1057.25</ele>
        <extensions>
          <gpxtpx:TrackPointExtension>
            <gpxtpx:Extensions>
              <highway>footway</highway>
              <maxspeed>20</maxspeed>
              <foot>yes</foot>
              <bicycle>yes</bicycle>
            </gpxtpx:Extensions>
          </gpxtpx:TrackPointExtension>
        </extensions>
      </trkpt>
      <trkpt lat="50.927537" lon="-114.110342">
        <ele>1057.25</ele>
        <extensions>
          <gpxtpx:TrackPointExtension>
            <gpxtpx:Extensions>
              <highway>footway</highway>
              <maxspeed>20</maxspeed>
              <foot>yes</foot>
              <bicycle>yes</bicycle>
            </gpxtpx:Extensions>
          </gpxtpx:TrackPointExtension>
        </extensions>
      </trkpt>
      <trkpt lat="50.927503" lon="-114.110339">
        <ele>1057.25</ele>
        <extensions>
          <gpxtpx:TrackPointExtension>
            <gpxtpx:Extensions>
              <highway>footway</highway>
              <maxspeed>20</maxspeed>
              <foot>yes</foot>
              <bicycle>yes</bicycle>
            </gpxtpx:Extensions>
          </gpxtpx:TrackPointExtension>
        </extensions>
      </trkpt>
      <trkpt lat="50.927322" lon="-114.110272">
        <ele>1057.25</ele>
        <extensions>
          <gpxtpx:TrackPointExtension>
            <gpxtpx:Extensions>
              <highway>footway</highway>
              <maxspeed>20</maxspeed>
              <foot>yes</foot>
              <bicycle>yes</bicycle>
            </gpxtpx:Extensions>
          </gpxtpx:TrackPointExtension>
        </extensions>
      </trkpt>
      <trkpt lat="50.92728" lon="-114.110272">
        <ele>1057</ele>
        <extensions>
          <gpxtpx:TrackPointExtension>
            <gpxtpx:Extensions>
              <highway>footway</highway>
              <maxspeed>20</maxspeed>
              <foot>yes</foot>
              <bicycle>yes</bicycle>
            </gpxtpx:Extensions>
          </gpxtpx:TrackPointExtension>
        </extensions>
      </trkpt>
      <trkpt lat="50.927206" lon="-114.110297">
        <ele>1057</ele>
        <extensions>
          <gpxtpx:TrackPointExtension>
            <gpxtpx:Extensions>
              <highway>footway</highway>
              <maxspeed>20</maxspeed>
              <foot>yes</foot>
              <bicycle>yes</bicycle>
            </gpxtpx:Extensions>
          </gpxtpx:TrackPointExtension>
        </extensions>
      </trkpt>
      <trkpt lat="50.927068" lon="-114.110364">
        <ele>1057</ele>
        <extensions>
          <gpxtpx:TrackPointExtension>
            <gpxtpx:Extensions>
              <highway>footway</highway>
              <maxspeed>20</maxspeed>
              <foot>yes</foot>
              <bicycle>yes</bicycle>
            </gpxtpx:Extensions>
          </gpxtpx:TrackPointExtension>
        </extensions>
      </trkpt>
      <trkpt lat="50.927019" lon="-114.110375">
        <ele>1057</ele>
        <extensions>
          <gpxtpx:TrackPointExtension>
            <gpxtpx:Extensions>
              <highway>footway</highway>
              <maxspeed>20</maxspeed>
              <foot>yes</foot>
              <bicycle>yes</bicycle>
            </gpxtpx:Extensions>
          </gpxtpx:TrackPointExtension>
        </extensions>
      </trkpt>
      <trkpt lat="50.926946" lon="-114.110364">
        <ele>1057</ele>
        <extensions>
          <gpxtpx:TrackPointExtension>
            <gpxtpx:Extensions>
              <highway>footway</highway>
              <maxspeed>20</maxspeed>
              <foot>yes</foot>
              <bicycle>yes</bicycle>
            </gpxtpx:Extensions>
          </gpxtpx:TrackPointExtension>
        </extensions>
      </trkpt>
      <trkpt lat="50.926862" lon="-114.110304">
        <ele>1057</ele>
        <extensions>
          <gpxtpx:TrackPointExtension>
            <gpxtpx:Extensions>
              <highway>footway</highway>
              <maxspeed>20</maxspeed>
              <foot>yes</foot>
              <bicycle>yes</bicycle>
            </gpxtpx:Extensions>
          </gpxtpx:TrackPointExtension>
        </extensions>
      </trkpt>
      <trkpt lat="50.926768" lon="-114.110211">
        <ele>1057</ele>
        <extensions>
          <gpxtpx:TrackPointExtension>
            <gpxtpx:Extensions>
              <highway>footway</highway>
              <maxspeed>20</maxspeed>
              <foot>yes</foot>
              <bicycle>yes</bicycle>
            </gpxtpx:Extensions>
          </gpxtpx:TrackPointExtension>
        </extensions>
      </trkpt>
      <trkpt lat="50.926684" lon="-114.110009">
        <ele>1057</ele>
        <extensions>
          <gpxtpx:TrackPointExtension>
            <gpxtpx:Extensions>
              <highway>footway</highway>
              <maxspeed>20</maxspeed>
              <foot>yes</foot>
              <bicycle>yes</bicycle>
            </gpxtpx:Extensions>
          </gpxtpx:TrackPointExtension>
        </extensions>
      </trkpt>
      <trkpt lat="50.926627" lon="-114.109901">
        <ele>1057.25</ele>
        <extensions>
          <gpxtpx:TrackPointExtension>
            <gpxtpx:Extensions>
              <highway>footway</highway>
              <maxspeed>20</maxspeed>
              <foot>yes</foot>
              <bicycle>yes</bicycle>
            </gpxtpx:Extensions>
          </gpxtpx:TrackPointExtension>
        </extensions>
      </trkpt>
      <trkpt lat="50.926603" lon="-114.109873">
        <ele>1057.25</ele>
        <extensions>
          <gpxtpx:TrackPointExtension>
            <gpxtpx:Extensions>
              <highway>footway</highway>
              <maxspeed>20</maxspeed>
              <foot>yes</foot>
              <bicycle>yes</bicycle>
            </gpxtpx:Extensions>
          </gpxtpx:TrackPointExtension>
        </extensions>
      </trkpt>
      <trkpt lat="50.926516" lon="-114.109819">
        <ele>1057.75</ele>
        <extensions>
          <gpxtpx:TrackPointExtension>
            <gpxtpx:Extensions>
              <highway>footway</highway>
              <maxspeed>20</maxspeed>
              <foot>yes</foot>
              <bicycle>yes</bicycle>
            </gpxtpx:Extensions>
          </gpxtpx:TrackPointExtension>
        </extensions>
      </trkpt>
      <trkpt lat="50.9264" lon="-114.109771">
        <ele>1058.25</ele>
        <extensions>
          <gpxtpx:TrackPointExtension>
            <gpxtpx:Extensions>
              <highway>footway</highway>
              <maxspeed>20</maxspeed>
              <foot>yes</foot>
              <bicycle>yes</bicycle>
            </gpxtpx:Extensions>
          </gpxtpx:TrackPointExtension>
        </extensions>
      </trkpt>
      <trkpt lat="50.926307" lon="-114.109732">
        <ele>1058.75</ele>
        <extensions>
          <gpxtpx:TrackPointExtension>
            <gpxtpx:Extensions>
              <highway>footway</highway>
              <maxspeed>20</maxspeed>
              <foot>yes</foot>
              <bicycle>yes</bicycle>
            </gpxtpx:Extensions>
          </gpxtpx:TrackPointExtension>
        </extensions>
      </trkpt>
      <trkpt lat="50.926267" lon="-114.109716">
        <ele>1058.75</ele>
        <extensions>
          <gpxtpx:TrackPointExtension>
            <gpxtpx:Extensions>
              <highway>footway</highway>
              <maxspeed>20</maxspeed>
              <foot>yes</foot>
              <bicycle>yes</bicycle>
            </gpxtpx:Extensions>
          </gpxtpx:TrackPointExtension>
        </extensions>
      </trkpt>
      <trkpt lat="50.926268" lon="-114.109648">
        <ele>1059</ele>
        <extensions>
          <gpxtpx:TrackPointExtension>
            <gpxtpx:Extensions>
              <reversedirection>yes</reversedirection>
              <highway>footway</highway>
              <maxspeed>20</maxspeed>
              <foot>yes</foot>
              <bicycle>yes</bicycle>
            </gpxtpx:Extensions>
          </gpxtpx:TrackPointExtension>
        </extensions>
      </trkpt>
      <trkpt lat="50.926235" lon="-114.109211">
        <ele>1059.75</ele>
        <extensions>
          <gpxtpx:TrackPointExtension>
            <gpxtpx:Extensions>
              <reversedirection>yes</reversedirection>
              <highway>footway</highway>
              <maxspeed>20</maxspeed>
              <foot>yes</foot>
              <bicycle>yes</bicycle>
            </gpxtpx:Extensions>
          </gpxtpx:TrackPointExtension>
        </extensions>
      </trkpt>
      <trkpt lat="50.926152" lon="-114.108885">
        <ele>1061</ele>
        <extensions>
          <gpxtpx:TrackPointExtension>
            <gpxtpx:Extensions>
              <reversedirection>yes</reversedirection>
              <highway>footway</highway>
              <maxspeed>20</maxspeed>
              <foot>yes</foot>
              <bicycle>yes</bicycle>
            </gpxtpx:Extensions>
          </gpxtpx:TrackPointExtension>
        </extensions>
      </trkpt>
      <trkpt lat="50.926144" lon="-114.108853">
        <ele>1061.25</ele>
        <extensions>
          <gpxtpx:TrackPointExtension>
            <gpxtpx:Extensions>
              <reversedirection>yes</reversedirection>
              <highway>footway</highway>
              <maxspeed>20</maxspeed>
              <foot>yes</foot>
              <bicycle>yes</bicycle>
            </gpxtpx:Extensions>
          </gpxtpx:TrackPointExtension>
        </extensions>
      </trkpt>
      <trkpt lat="50.926142" lon="-114.108758">
        <ele>1061.5</ele>
        <extensions>
          <gpxtpx:TrackPointExtension>
            <gpxtpx:Extensions>
              <reversedirection>yes</reversedirection>
              <highway>footway</highway>
              <maxspeed>20</maxspeed>
              <foot>yes</foot>
              <bicycle>yes</bicycle>
            </gpxtpx:Extensions>
          </gpxtpx:TrackPointExtension>
        </extensions>
      </trkpt>
      <trkpt lat="50.926153" lon="-114.108685">
        <ele>1061.5</ele>
        <extensions>
          <gpxtpx:TrackPointExtension>
            <gpxtpx:Extensions>
              <reversedirection>yes</reversedirection>
              <highway>footway</highway>
              <maxspeed>20</maxspeed>
              <foot>yes</foot>
              <bicycle>yes</bicycle>
            </gpxtpx:Extensions>
          </gpxtpx:TrackPointExtension>
        </extensions>
      </trkpt>
      <trkpt lat="50.926216" lon="-114.108488">
        <ele>1061.75</ele>
        <extensions>
          <gpxtpx:TrackPointExtension>
            <gpxtpx:Extensions>
              <reversedirection>yes</reversedirection>
              <highway>footway</highway>
              <maxspeed>20</maxspeed>
              <foot>yes</foot>
              <bicycle>yes</bicycle>
            </gpxtpx:Extensions>
          </gpxtpx:TrackPointExtension>
        </extensions>
      </trkpt>
      <trkpt lat="50.92624" lon="-114.108424">
        <ele>1061.75</ele>
        <extensions>
          <gpxtpx:TrackPointExtension>
            <gpxtpx:Extensions>
              <reversedirection>yes</reversedirection>
              <highway>footway</highway>
              <maxspeed>20</maxspeed>
              <foot>yes</foot>
              <bicycle>yes</bicycle>
            </gpxtpx:Extensions>
          </gpxtpx:TrackPointExtension>
        </extensions>
      </trkpt>
      <trkpt lat="50.926311" lon="-114.108288">
        <ele>1061.75</ele>
        <extensions>
          <gpxtpx:TrackPointExtension>
            <gpxtpx:Extensions>
              <reversedirection>yes</reversedirection>
              <highway>footway</highway>
              <maxspeed>20</maxspeed>
              <foot>yes</foot>
              <bicycle>yes</bicycle>
            </gpxtpx:Extensions>
          </gpxtpx:TrackPointExtension>
        </extensions>
      </trkpt>
      <trkpt lat="50.926332" lon="-114.108259">
        <ele>1061.5</ele>
        <extensions>
          <gpxtpx:TrackPointExtension>
            <gpxtpx:Extensions>
              <reversedirection>yes</reversedirection>
              <highway>footway</highway>
              <maxspeed>20</maxspeed>
              <foot>yes</foot>
              <bicycle>yes</bicycle>
            </gpxtpx:Extensions>
          </gpxtpx:TrackPointExtension>
        </extensions>
      </trkpt>
      <trkpt lat="50.926356" lon="-114.108232">
        <ele>1061.25</ele>
        <extensions>
          <gpxtpx:TrackPointExtension>
            <gpxtpx:Extensions>
              <reversedirection>yes</reversedirection>
              <highway>footway</highway>
              <maxspeed>20</maxspeed>
              <foot>yes</foot>
              <bicycle>yes</bicycle>
            </gpxtpx:Extensions>
          </gpxtpx:TrackPointExtension>
        </extensions>
      </trkpt>
      <trkpt lat="50.926422" lon="-114.108158">
        <ele>1061.25</ele>
        <extensions>
          <gpxtpx:TrackPointExtension>
            <gpxtpx:Extensions>
              <reversedirection>yes</reversedirection>
              <highway>footway</highway>
              <maxspeed>20</maxspeed>
              <foot>yes</foot>
              <bicycle>yes</bicycle>
            </gpxtpx:Extensions>
          </gpxtpx:TrackPointExtension>
        </extensions>
      </trkpt>
      <trkpt lat="50.926438" lon="-114.108129">
        <ele>1061.25</ele>
        <extensions>
          <gpxtpx:TrackPointExtension>
            <gpxtpx:Extensions>
              <reversedirection>yes</reversedirection>
              <highway>footway</highway>
              <maxspeed>20</maxspeed>
              <foot>yes</foot>
              <bicycle>yes</bicycle>
            </gpxtpx:Extensions>
          </gpxtpx:TrackPointExtension>
        </extensions>
      </trkpt>
      <trkpt lat="50.926485" lon="-114.108028">
        <ele>1061.25</ele>
        <extensions>
          <gpxtpx:TrackPointExtension>
            <gpxtpx:Extensions>
              <reversedirection>yes</reversedirection>
              <highway>footway</highway>
              <maxspeed>20</maxspeed>
              <foot>yes</foot>
              <bicycle>yes</bicycle>
            </gpxtpx:Extensions>
          </gpxtpx:TrackPointExtension>
        </extensions>
      </trkpt>
      <trkpt lat="50.926614" lon="-114.107687">
        <ele>1061.5</ele>
        <extensions>
          <gpxtpx:TrackPointExtension>
            <gpxtpx:Extensions>
              <reversedirection>yes</reversedirection>
              <highway>footway</highway>
              <surface>asphalt</surface>
              <foot>designated</foot>
              <bicycle>designated</bicycle>
              <segregated>no</segregated>
            </gpxtpx:Extensions>
          </gpxtpx:TrackPointExtension>
        </extensions>
      </trkpt>
      <trkpt lat="50.926659" lon="-114.10754">
        <ele>1061.75</ele>
        <extensions>
          <gpxtpx:TrackPointExtension>
            <gpxtpx:Extensions>
              <reversedirection>yes</reversedirection>
              <highway>footway</highway>
              <surface>asphalt</surface>
              <foot>designated</foot>
              <bicycle>designated</bicycle>
              <segregated>no</segregated>
            </gpxtpx:Extensions>
          </gpxtpx:TrackPointExtension>
        </extensions>
      </trkpt>
      <trkpt lat="50.926707" lon="-114.107321">
        <ele>1062.25</ele>
        <extensions>
          <gpxtpx:TrackPointExtension>
            <gpxtpx:Extensions>
              <reversedirection>yes</reversedirection>
              <highway>footway</highway>
              <surface>asphalt</surface>
              <foot>designated</foot>
              <bicycle>designated</bicycle>
              <segregated>no</segregated>
            </gpxtpx:Extensions>
          </gpxtpx:TrackPointExtension>
        </extensions>
      </trkpt>
      <trkpt lat="50.926671" lon="-114.107263">
        <ele>1062.5</ele>
        <extensions>
          <gpxtpx:TrackPointExtension>
            <gpxtpx:Extensions>
              <highway>footway</highway>
              <surface>asphalt</surface>
              <maxspeed>20</maxspeed>
              <foot>yes</foot>
              <bicycle>dismount</bicycle>
            </gpxtpx:Extensions>
          </gpxtpx:TrackPointExtension>
        </extensions>
      </trkpt>
      <trkpt lat="50.926649" lon="-114.107201">
        <ele>1062.75</ele>
        <extensions>
          <gpxtpx:TrackPointExtension>
            <gpxtpx:Extensions>
              <highway>footway</highway>
              <surface>asphalt</surface>
              <maxspeed>20</maxspeed>
              <foot>yes</foot>
              <bicycle>dismount</bicycle>
            </gpxtpx:Extensions>
          </gpxtpx:TrackPointExtension>
        </extensions>
      </trkpt>
      <trkpt lat="50.926634" lon="-114.107129">
        <ele>1062.75</ele>
        <extensions>
          <gpxtpx:TrackPointExtension>
            <gpxtpx:Extensions>
              <highway>footway</highway>
              <surface>asphalt</surface>
              <maxspeed>20</maxspeed>
              <foot>yes</foot>
              <bicycle>dismount</bicycle>
            </gpxtpx:Extensions>
          </gpxtpx:TrackPointExtension>
        </extensions>
      </trkpt>
      <trkpt lat="50.926625" lon="-114.107043">
        <ele>1063</ele>
        <extensions>
          <gpxtpx:TrackPointExtension>
            <gpxtpx:Extensions>
              <highway>footway</highway>
              <surface>asphalt</surface>
              <maxspeed>20</maxspeed>
              <foot>yes</foot>
              <bicycle>dismount</bicycle>
            </gpxtpx:Extensions>
          </gpxtpx:TrackPointExtension>
        </extensions>
      </trkpt>
      <trkpt lat="50.926612" lon="-114.106842">
        <ele>1063.5</ele>
        <extensions>
          <gpxtpx:TrackPointExtension>
            <gpxtpx:Extensions>
              <highway>footway</highway>
              <surface>asphalt</surface>
              <maxspeed>20</maxspeed>
              <foot>yes</foot>
              <bicycle>dismount</bicycle>
            </gpxtpx:Extensions>
          </gpxtpx:TrackPointExtension>
        </extensions>
      </trkpt>
      <trkpt lat="50.926598" lon="-114.106785">
        <ele>1063.5</ele>
        <extensions>
          <gpxtpx:TrackPointExtension>
            <gpxtpx:Extensions>
              <highway>footway</highway>
              <surface>asphalt</surface>
              <maxspeed>20</maxspeed>
              <foot>yes</foot>
              <bicycle>dismount</bicycle>
            </gpxtpx:Extensions>
          </gpxtpx:TrackPointExtension>
        </extensions>
      </trkpt>
      <trkpt lat="50.926594" lon="-114.106764">
        <ele>1063.75</ele>
        <extensions>
          <gpxtpx:TrackPointExtension>
            <gpxtpx:Extensions>
              <highway>footway</highway>
              <surface>asphalt</surface>
              <maxspeed>20</maxspeed>
              <foot>yes</foot>
              <bicycle>dismount</bicycle>
            </gpxtpx:Extensions>
          </gpxtpx:TrackPointExtension>
        </extensions>
      </trkpt>
      <trkpt lat="50.926545" lon="-114.10663">
        <ele>1064.25</ele>
        <extensions>
          <gpxtpx:TrackPointExtension>
            <gpxtpx:Extensions>
              <highway>footway</highway>
              <surface>asphalt</surface>
              <maxspeed>20</maxspeed>
              <foot>yes</foot>
              <bicycle>dismount</bicycle>
            </gpxtpx:Extensions>
          </gpxtpx:TrackPointExtension>
        </extensions>
      </trkpt>
      <trkpt lat="50.926475" lon="-114.106646">
        <ele>1064.25</ele>
        <extensions>
          <gpxtpx:TrackPointExtension>
            <gpxtpx:Extensions>
              <highway>footway</highway>
              <surface>asphalt</surface>
              <maxspeed>20</maxspeed>
              <foot>yes</foot>
              <bicycle>dismount</bicycle>
            </gpxtpx:Extensions>
          </gpxtpx:TrackPointExtension>
        </extensions>
      </trkpt>
      <trkpt lat="50.926262" lon="-114.106893">
        <ele>1064</ele>
        <extensions>
          <gpxtpx:TrackPointExtension>
            <gpxtpx:Extensions>
              <highway>footway</highway>
              <surface>asphalt</surface>
              <maxspeed>20</maxspeed>
              <foot>yes</foot>
              <bicycle>dismount</bicycle>
            </gpxtpx:Extensions>
          </gpxtpx:TrackPointExtension>
        </extensions>
      </trkpt>
      <trkpt lat="50.926246" lon="-114.106917">
        <ele>1063.75</ele>
        <extensions>
          <gpxtpx:TrackPointExtension>
            <gpxtpx:Extensions>
              <highway>footway</highway>
              <surface>asphalt</surface>
              <maxspeed>20</maxspeed>
              <bicycle>yes</bicycle>
            </gpxtpx:Extensions>
          </gpxtpx:TrackPointExtension>
        </extensions>
      </trkpt>
      <trkpt lat="50.92616" lon="-114.107043">
        <ele>1063.75</ele>
        <extensions>
          <gpxtpx:TrackPointExtension>
            <gpxtpx:Extensions>
              <highway>footway</highway>
              <surface>asphalt</surface>
              <maxspeed>20</maxspeed>
              <bicycle>yes</bicycle>
            </gpxtpx:Extensions>
          </gpxtpx:TrackPointExtension>
        </extensions>
      </trkpt>
      <trkpt lat="50.926096" lon="-114.107182">
        <ele>1063.75</ele>
        <extensions>
          <gpxtpx:TrackPointExtension>
            <gpxtpx:Extensions>
              <highway>footway</highway>
              <surface>asphalt</surface>
              <maxspeed>20</maxspeed>
              <bicycle>yes</bicycle>
            </gpxtpx:Extensions>
          </gpxtpx:TrackPointExtension>
        </extensions>
      </trkpt>
      <trkpt lat="50.926" lon="-114.107303">
        <ele>1063.75</ele>
        <extensions>
          <gpxtpx:TrackPointExtension>
            <gpxtpx:Extensions>
              <highway>footway</highway>
              <surface>asphalt</surface>
              <maxspeed>20</maxspeed>
              <bicycle>yes</bicycle>
            </gpxtpx:Extensions>
          </gpxtpx:TrackPointExtension>
        </extensions>
      </trkpt>
      <trkpt lat="50.925971" lon="-114.107334">
        <ele>1063.75</ele>
        <extensions>
          <gpxtpx:TrackPointExtension>
            <gpxtpx:Extensions>
              <highway>footway</highway>
              <surface>asphalt</surface>
              <maxspeed>20</maxspeed>
              <bicycle>yes</bicycle>
            </gpxtpx:Extensions>
          </gpxtpx:TrackPointExtension>
        </extensions>
      </trkpt>
      <trkpt lat="50.925786" lon="-114.107406">
        <ele>1064.25</ele>
        <extensions>
          <gpxtpx:TrackPointExtension>
            <gpxtpx:Extensions>
              <highway>footway</highway>
              <surface>asphalt</surface>
              <maxspeed>20</maxspeed>
              <bicycle>yes</bicycle>
            </gpxtpx:Extensions>
          </gpxtpx:TrackPointExtension>
        </extensions>
      </trkpt>
      <trkpt lat="50.925593" lon="-114.107535">
        <ele>1064.75</ele>
        <extensions>
          <gpxtpx:TrackPointExtension>
            <gpxtpx:Extensions>
              <highway>footway</highway>
              <surface>asphalt</surface>
              <maxspeed>20</maxspeed>
              <bicycle>yes</bicycle>
            </gpxtpx:Extensions>
          </gpxtpx:TrackPointExtension>
        </extensions>
      </trkpt>
      <trkpt lat="50.925352" lon="-114.107769">
        <ele>1066</ele>
        <extensions>
          <gpxtpx:TrackPointExtension>
            <gpxtpx:Extensions>
              <highway>footway</highway>
              <surface>asphalt</surface>
              <maxspeed>20</maxspeed>
              <bicycle>yes</bicycle>
            </gpxtpx:Extensions>
          </gpxtpx:TrackPointExtension>
        </extensions>
      </trkpt>
      <trkpt lat="50.925251" lon="-114.107877">
        <ele>1066.5</ele>
        <extensions>
          <gpxtpx:TrackPointExtension>
            <gpxtpx:Extensions>
              <highway>footway</highway>
              <surface>asphalt</surface>
              <maxspeed>20</maxspeed>
              <bicycle>yes</bicycle>
            </gpxtpx:Extensions>
          </gpxtpx:TrackPointExtension>
        </extensions>
      </trkpt>
      <trkpt lat="50.925208" lon="-114.107922">
        <ele>1067</ele>
        <extensions>
          <gpxtpx:TrackPointExtension>
            <gpxtpx:Extensions>
              <highway>footway</highway>
              <surface>asphalt</surface>
              <maxspeed>20</maxspeed>
              <bicycle>yes</bicycle>
            </gpxtpx:Extensions>
          </gpxtpx:TrackPointExtension>
        </extensions>
      </trkpt>
      <trkpt lat="50.925139" lon="-114.10801">
        <ele>1067.5</ele>
        <extensions>
          <gpxtpx:TrackPointExtension>
            <gpxtpx:Extensions>
              <highway>footway</highway>
              <surface>asphalt</surface>
              <maxspeed>20</maxspeed>
              <bicycle>yes</bicycle>
            </gpxtpx:Extensions>
          </gpxtpx:TrackPointExtension>
        </extensions>
      </trkpt>
      <trkpt lat="50.925045" lon="-114.108158">
        <ele>1068.25</ele>
        <extensions>
          <gpxtpx:TrackPointExtension>
            <gpxtpx:Extensions>
              <highway>footway</highway>
              <surface>asphalt</surface>
              <maxspeed>20</maxspeed>
              <bicycle>yes</bicycle>
            </gpxtpx:Extensions>
          </gpxtpx:TrackPointExtension>
        </extensions>
      </trkpt>
      <trkpt lat="50.924745" lon="-114.108679">
        <ele>1067.75</ele>
        <extensions>
          <gpxtpx:TrackPointExtension>
            <gpxtpx:Extensions>
              <highway>footway</highway>
              <surface>asphalt</surface>
              <maxspeed>20</maxspeed>
              <bicycle>yes</bicycle>
            </gpxtpx:Extensions>
          </gpxtpx:TrackPointExtension>
        </extensions>
      </trkpt>
      <trkpt lat="50.924578" lon="-114.10899">
        <ele>1068</ele>
        <extensions>
          <gpxtpx:TrackPointExtension>
            <gpxtpx:Extensions>
              <highway>footway</highway>
              <surface>asphalt</surface>
              <maxspeed>20</maxspeed>
              <bicycle>yes</bicycle>
            </gpxtpx:Extensions>
          </gpxtpx:TrackPointExtension>
        </extensions>
      </trkpt>
      <trkpt lat="50.924493" lon="-114.109178">
        <ele>1068.25</ele>
        <extensions>
          <gpxtpx:TrackPointExtension>
            <gpxtpx:Extensions>
              <highway>footway</highway>
              <surface>asphalt</surface>
              <maxspeed>20</maxspeed>
              <bicycle>yes</bicycle>
            </gpxtpx:Extensions>
          </gpxtpx:TrackPointExtension>
        </extensions>
      </trkpt>
      <trkpt lat="50.924395" lon="-114.109457">
        <ele>1069.25</ele>
        <extensions>
          <gpxtpx:TrackPointExtension>
            <gpxtpx:Extensions>
              <highway>footway</highway>
              <surface>asphalt</surface>
              <maxspeed>20</maxspeed>
              <bicycle>yes</bicycle>
            </gpxtpx:Extensions>
          </gpxtpx:TrackPointExtension>
        </extensions>
      </trkpt>
      <trkpt lat="50.924299" lon="-114.109696">
        <ele>1070.25</ele>
        <extensions>
          <gpxtpx:TrackPointExtension>
            <gpxtpx:Extensions>
              <highway>footway</highway>
              <surface>asphalt</surface>
              <maxspeed>20</maxspeed>
              <bicycle>yes</bicycle>
            </gpxtpx:Extensions>
          </gpxtpx:TrackPointExtension>
        </extensions>
      </trkpt>
      <trkpt lat="50.92424" lon="-114.109865">
        <ele>1071</ele>
        <extensions>
          <gpxtpx:TrackPointExtension>
            <gpxtpx:Extensions>
              <highway>footway</highway>
              <surface>asphalt</surface>
              <maxspeed>20</maxspeed>
              <bicycle>yes</bicycle>
            </gpxtpx:Extensions>
          </gpxtpx:TrackPointExtension>
        </extensions>
      </trkpt>
      <trkpt lat="50.92418" lon="-114.110085">
        <ele>1072.25</ele>
        <extensions>
          <gpxtpx:TrackPointExtension>
            <gpxtpx:Extensions>
              <highway>footway</highway>
              <surface>asphalt</surface>
              <maxspeed>20</maxspeed>
              <bicycle>yes</bicycle>
            </gpxtpx:Extensions>
          </gpxtpx:TrackPointExtension>
        </extensions>
      </trkpt>
      <trkpt lat="50.924086" lon="-114.110517">
        <ele>1073.5</ele>
        <extensions>
          <gpxtpx:TrackPointExtension>
            <gpxtpx:Extensions>
              <highway>footway</highway>
              <surface>asphalt</surface>
              <maxspeed>20</maxspeed>
              <bicycle>yes</bicycle>
            </gpxtpx:Extensions>
          </gpxtpx:TrackPointExtension>
        </extensions>
      </trkpt>
      <trkpt lat="50.924046" lon="-114.110781">
        <ele>1074.25</ele>
        <extensions>
          <gpxtpx:TrackPointExtension>
            <gpxtpx:Extensions>
              <highway>footway</highway>
              <surface>asphalt</surface>
              <maxspeed>20</maxspeed>
              <bicycle>yes</bicycle>
            </gpxtpx:Extensions>
          </gpxtpx:TrackPointExtension>
        </extensions>
      </trkpt>
      <trkpt lat="50.924022" lon="-114.111077">
        <ele>1074.75</ele>
        <extensions>
          <gpxtpx:TrackPointExtension>
            <gpxtpx:Extensions>
              <highway>footway</highway>
              <surface>asphalt</surface>
              <maxspeed>20</maxspeed>
              <bicycle>yes</bicycle>
            </gpxtpx:Extensions>
          </gpxtpx:TrackPointExtension>
        </extensions>
      </trkpt>
      <trkpt lat="50.924012" lon="-114.111286">
        <ele>1075.25</ele>
        <extensions>
          <gpxtpx:TrackPointExtension>
            <gpxtpx:Extensions>
              <highway>footway</highway>
              <surface>asphalt</surface>
              <maxspeed>20</maxspeed>
              <bicycle>yes</bicycle>
            </gpxtpx:Extensions>
          </gpxtpx:TrackPointExtension>
        </extensions>
      </trkpt>
      <trkpt lat="50.923983" lon="-114.111533">
        <ele>1075.5</ele>
        <extensions>
          <gpxtpx:TrackPointExtension>
            <gpxtpx:Extensions>
              <highway>footway</highway>
              <surface>asphalt</surface>
              <maxspeed>20</maxspeed>
              <bicycle>yes</bicycle>
            </gpxtpx:Extensions>
          </gpxtpx:TrackPointExtension>
        </extensions>
      </trkpt>
      <trkpt lat="50.923947" lon="-114.111659">
        <ele>1075.5</ele>
        <extensions>
          <gpxtpx:TrackPointExtension>
            <gpxtpx:Extensions>
              <highway>footway</highway>
              <surface>asphalt</surface>
              <maxspeed>20</maxspeed>
              <bicycle>yes</bicycle>
            </gpxtpx:Extensions>
          </gpxtpx:TrackPointExtension>
        </extensions>
      </trkpt>
      <trkpt lat="50.923863" lon="-114.111762">
        <ele>1075</ele>
        <extensions>
          <gpxtpx:TrackPointExtension>
            <gpxtpx:Extensions>
              <highway>footway</highway>
              <surface>asphalt</surface>
              <maxspeed>20</maxspeed>
              <bicycle>yes</bicycle>
            </gpxtpx:Extensions>
          </gpxtpx:TrackPointExtension>
        </extensions>
      </trkpt>
      <trkpt lat="50.923759" lon="-114.111795">
        <ele>1074.5</ele>
        <extensions>
          <gpxtpx:TrackPointExtension>
            <gpxtpx:Extensions>
              <highway>footway</highway>
              <surface>asphalt</surface>
              <maxspeed>20</maxspeed>
              <bicycle>yes</bicycle>
            </gpxtpx:Extensions>
          </gpxtpx:TrackPointExtension>
        </extensions>
      </trkpt>
      <trkpt lat="50.923735" lon="-114.11179">
        <ele>1074.25</ele>
        <extensions>
          <gpxtpx:TrackPointExtension>
            <gpxtpx:Extensions>
              <highway>footway</highway>
              <surface>asphalt</surface>
              <maxspeed>20</maxspeed>
              <bicycle>yes</bicycle>
            </gpxtpx:Extensions>
          </gpxtpx:TrackPointExtension>
        </extensions>
      </trkpt>
      <trkpt lat="50.923333" lon="-114.111694">
        <ele>1072</ele>
        <extensions>
          <gpxtpx:TrackPointExtension>
            <gpxtpx:Extensions>
              <highway>footway</highway>
              <surface>asphalt</surface>
              <maxspeed>20</maxspeed>
              <bicycle>yes</bicycle>
            </gpxtpx:Extensions>
          </gpxtpx:TrackPointExtension>
        </extensions>
      </trkpt>
      <trkpt lat="50.923249" lon="-114.111558">
        <ele>1073</ele>
        <extensions>
          <gpxtpx:TrackPointExtension>
            <gpxtpx:Extensions>
              <highway>footway</highway>
              <surface>asphalt</surface>
              <maxspeed>20</maxspeed>
              <bicycle>yes</bicycle>
            </gpxtpx:Extensions>
          </gpxtpx:TrackPointExtension>
        </extensions>
      </trkpt>
      <trkpt lat="50.923162" lon="-114.11122">
        <ele>1073.75</ele>
        <extensions>
          <gpxtpx:TrackPointExtension>
            <gpxtpx:Extensions>
              <highway>footway</highway>
              <surface>asphalt</surface>
              <maxspeed>20</maxspeed>
              <bicycle>yes</bicycle>
            </gpxtpx:Extensions>
          </gpxtpx:TrackPointExtension>
        </extensions>
      </trkpt>
      <trkpt lat="50.923099" lon="-114.11114">
        <ele>1074.5</ele>
        <extensions>
          <gpxtpx:TrackPointExtension>
            <gpxtpx:Extensions>
              <highway>footway</highway>
              <surface>asphalt</surface>
              <maxspeed>20</maxspeed>
              <bicycle>yes</bicycle>
            </gpxtpx:Extensions>
          </gpxtpx:TrackPointExtension>
        </extensions>
      </trkpt>
      <trkpt lat="50.923062" lon="-114.111113">
        <ele>1075</ele>
        <extensions>
          <gpxtpx:TrackPointExtension>
            <gpxtpx:Extensions>
              <highway>footway</highway>
              <surface>asphalt</surface>
              <maxspeed>20</maxspeed>
              <bicycle>yes</bicycle>
            </gpxtpx:Extensions>
          </gpxtpx:TrackPointExtension>
        </extensions>
      </trkpt>
      <trkpt lat="50.922946" lon="-114.110987">
        <ele>1076.25</ele>
        <extensions>
          <gpxtpx:TrackPointExtension>
            <gpxtpx:Extensions>
              <highway>footway</highway>
              <surface>asphalt</surface>
              <maxspeed>20</maxspeed>
              <bicycle>yes</bicycle>
            </gpxtpx:Extensions>
          </gpxtpx:TrackPointExtension>
        </extensions>
      </trkpt>
      <trkpt lat="50.922949" lon="-114.111003">
        <ele>1076</ele>
        <extensions>
          <gpxtpx:TrackPointExtension>
            <gpxtpx:Extensions>
              <highway>path</highway>
            </gpxtpx:Extensions>
          </gpxtpx:TrackPointExtension>
        </extensions>
      </trkpt>
      <trkpt lat="50.922946" lon="-114.110987">
        <ele>1076.25</ele>
        <extensions>
          <gpxtpx:TrackPointExtension>
            <gpxtpx:Extensions>
              <reversedirection>yes</reversedirection>
              <highway>path</highway>
            </gpxtpx:Extensions>
          </gpxtpx:TrackPointExtension>
        </extensions>
      </trkpt>
      <trkpt lat="50.922905" lon="-114.11099">
        <ele>1076.5</ele>
        <extensions>
          <gpxtpx:TrackPointExtension>
            <gpxtpx:Extensions>
              <highway>footway</highway>
              <surface>asphalt</surface>
              <maxspeed>20</maxspeed>
              <bicycle>yes</bicycle>
            </gpxtpx:Extensions>
          </gpxtpx:TrackPointExtension>
        </extensions>
      </trkpt>
      <trkpt lat="50.922816" lon="-114.111038">
        <ele>1077.5</ele>
        <extensions>
          <gpxtpx:TrackPointExtension>
            <gpxtpx:Extensions>
              <highway>footway</highway>
              <surface>asphalt</surface>
              <maxspeed>20</maxspeed>
              <bicycle>yes</bicycle>
            </gpxtpx:Extensions>
          </gpxtpx:TrackPointExtension>
        </extensions>
      </trkpt>
      <trkpt lat="50.922771" lon="-114.111084">
        <ele>1078.25</ele>
        <extensions>
          <gpxtpx:TrackPointExtension>
            <gpxtpx:Extensions>
              <highway>footway</highway>
              <surface>asphalt</surface>
              <maxspeed>20</maxspeed>
              <bicycle>yes</bicycle>
            </gpxtpx:Extensions>
          </gpxtpx:TrackPointExtension>
        </extensions>
      </trkpt>
      <trkpt lat="50.922729" lon="-114.111191">
        <ele>1078.75</ele>
        <extensions>
          <gpxtpx:TrackPointExtension>
            <gpxtpx:Extensions>
              <highway>footway</highway>
              <surface>asphalt</surface>
              <maxspeed>20</maxspeed>
              <bicycle>yes</bicycle>
            </gpxtpx:Extensions>
          </gpxtpx:TrackPointExtension>
        </extensions>
      </trkpt>
      <trkpt lat="50.922687" lon="-114.111234">
        <ele>1079.25</ele>
        <extensions>
          <gpxtpx:TrackPointExtension>
            <gpxtpx:Extensions>
              <highway>footway</highway>
              <surface>asphalt</surface>
              <maxspeed>20</maxspeed>
              <bicycle>yes</bicycle>
            </gpxtpx:Extensions>
          </gpxtpx:TrackPointExtension>
        </extensions>
      </trkpt>
      <trkpt lat="50.922561" lon="-114.111407">
        <ele>1080.75</ele>
        <extensions>
          <gpxtpx:TrackPointExtension>
            <gpxtpx:Extensions>
              <highway>footway</highway>
              <surface>asphalt</surface>
              <maxspeed>20</maxspeed>
              <bicycle>yes</bicycle>
            </gpxtpx:Extensions>
          </gpxtpx:TrackPointExtension>
        </extensions>
      </trkpt>
      <trkpt lat="50.922523" lon="-114.111476">
        <ele>1081.5</ele>
        <extensions>
          <gpxtpx:TrackPointExtension>
            <gpxtpx:Extensions>
              <highway>footway</highway>
              <surface>asphalt</surface>
              <maxspeed>20</maxspeed>
              <bicycle>yes</bicycle>
            </gpxtpx:Extensions>
          </gpxtpx:TrackPointExtension>
        </extensions>
      </trkpt>
      <trkpt lat="50.922471" lon="-114.111596">
        <ele>1082</ele>
        <extensions>
          <gpxtpx:TrackPointExtension>
            <gpxtpx:Extensions>
              <highway>footway</highway>
              <surface>asphalt</surface>
              <maxspeed>20</maxspeed>
              <bicycle>yes</bicycle>
            </gpxtpx:Extensions>
          </gpxtpx:TrackPointExtension>
        </extensions>
      </trkpt>
      <trkpt lat="50.922435" lon="-114.111657">
        <ele>1082.5</ele>
        <extensions>
          <gpxtpx:TrackPointExtension>
            <gpxtpx:Extensions>
              <highway>footway</highway>
              <surface>asphalt</surface>
              <maxspeed>20</maxspeed>
              <bicycle>yes</bicycle>
            </gpxtpx:Extensions>
          </gpxtpx:TrackPointExtension>
        </extensions>
      </trkpt>
      <trkpt lat="50.922378" lon="-114.111723">
        <ele>1083.5</ele>
        <extensions>
          <gpxtpx:TrackPointExtension>
            <gpxtpx:Extensions>
              <highway>footway</highway>
              <surface>asphalt</surface>
              <maxspeed>20</maxspeed>
              <bicycle>yes</bicycle>
            </gpxtpx:Extensions>
          </gpxtpx:TrackPointExtension>
        </extensions>
      </trkpt>
      <trkpt lat="50.922264" lon="-114.11183">
        <ele>1085.25</ele>
        <extensions>
          <gpxtpx:TrackPointExtension>
            <gpxtpx:Extensions>
              <highway>footway</highway>
              <surface>asphalt</surface>
              <maxspeed>20</maxspeed>
              <bicycle>yes</bicycle>
            </gpxtpx:Extensions>
          </gpxtpx:TrackPointExtension>
        </extensions>
      </trkpt>
      <trkpt lat="50.922236" lon="-114.111878">
        <ele>1085.75</ele>
        <extensions>
          <gpxtpx:TrackPointExtension>
            <gpxtpx:Extensions>
              <highway>footway</highway>
              <surface>asphalt</surface>
              <maxspeed>20</maxspeed>
              <bicycle>yes</bicycle>
            </gpxtpx:Extensions>
          </gpxtpx:TrackPointExtension>
        </extensions>
      </trkpt>
      <trkpt lat="50.922218" lon="-114.111914">
        <ele>1086.25</ele>
        <extensions>
          <gpxtpx:TrackPointExtension>
            <gpxtpx:Extensions>
              <highway>footway</highway>
              <surface>asphalt</surface>
              <maxspeed>20</maxspeed>
              <bicycle>yes</bicycle>
            </gpxtpx:Extensions>
          </gpxtpx:TrackPointExtension>
        </extensions>
      </trkpt>
      <trkpt lat="50.922169" lon="-114.112059">
        <ele>1087.5</ele>
        <extensions>
          <gpxtpx:TrackPointExtension>
            <gpxtpx:Extensions>
              <highway>footway</highway>
              <surface>asphalt</surface>
              <maxspeed>20</maxspeed>
              <bicycle>yes</bicycle>
            </gpxtpx:Extensions>
          </gpxtpx:TrackPointExtension>
        </extensions>
      </trkpt>
      <trkpt lat="50.922155" lon="-114.112186">
        <ele>1088.25</ele>
        <extensions>
          <gpxtpx:TrackPointExtension>
            <gpxtpx:Extensions>
              <highway>footway</highway>
              <surface>asphalt</surface>
              <maxspeed>20</maxspeed>
              <bicycle>yes</bicycle>
            </gpxtpx:Extensions>
          </gpxtpx:TrackPointExtension>
        </extensions>
      </trkpt>
      <trkpt lat="50.922147" lon="-114.112335">
        <ele>1089</ele>
        <extensions>
          <gpxtpx:TrackPointExtension>
            <gpxtpx:Extensions>
              <highway>footway</highway>
              <surface>asphalt</surface>
              <maxspeed>20</maxspeed>
              <bicycle>yes</bicycle>
            </gpxtpx:Extensions>
          </gpxtpx:TrackPointExtension>
        </extensions>
      </trkpt>
      <trkpt lat="50.922115" lon="-114.112493">
        <ele>1090</ele>
        <extensions>
          <gpxtpx:TrackPointExtension>
            <gpxtpx:Extensions>
              <highway>footway</highway>
              <surface>asphalt</surface>
              <maxspeed>20</maxspeed>
              <bicycle>yes</bicycle>
            </gpxtpx:Extensions>
          </gpxtpx:TrackPointExtension>
        </extensions>
      </trkpt>
      <trkpt lat="50.922029" lon="-114.112704">
        <ele>1091.75</ele>
        <extensions>
          <gpxtpx:TrackPointExtension>
            <gpxtpx:Extensions>
              <highway>footway</highway>
              <surface>asphalt</surface>
              <maxspeed>20</maxspeed>
              <bicycle>yes</bicycle>
            </gpxtpx:Extensions>
          </gpxtpx:TrackPointExtension>
        </extensions>
      </trkpt>
      <trkpt lat="50.922008" lon="-114.112793">
        <ele>1092.25</ele>
        <extensions>
          <gpxtpx:TrackPointExtension>
            <gpxtpx:Extensions>
              <highway>footway</highway>
              <surface>asphalt</surface>
              <maxspeed>20</maxspeed>
              <bicycle>yes</bicycle>
            </gpxtpx:Extensions>
          </gpxtpx:TrackPointExtension>
        </extensions>
      </trkpt>
      <trkpt lat="50.921999" lon="-114.112795">
        <ele>1092.25</ele>
        <extensions>
          <gpxtpx:TrackPointExtension>
            <gpxtpx:Extensions>
              <reversedirection>yes</reversedirection>
              <highway>service</highway>
              <service>parking_aisle</service>
            </gpxtpx:Extensions>
          </gpxtpx:TrackPointExtension>
        </extensions>
      </trkpt>
      <trkpt lat="50.92195" lon="-114.1128">
        <ele>1092.5</ele>
        <extensions>
          <gpxtpx:TrackPointExtension>
            <gpxtpx:Extensions>
              <reversedirection>yes</reversedirection>
              <highway>service</highway>
              <service>parking_aisle</service>
            </gpxtpx:Extensions>
          </gpxtpx:TrackPointExtension>
        </extensions>
      </trkpt>
      <trkpt lat="50.92157" lon="-114.113321">
        <ele>1096</ele>
        <extensions>
          <gpxtpx:TrackPointExtension>
            <gpxtpx:Extensions>
              <reversedirection>yes</reversedirection>
              <highway>service</highway>
              <service>parking_aisle</service>
            </gpxtpx:Extensions>
          </gpxtpx:TrackPointExtension>
        </extensions>
      </trkpt>
      <trkpt lat="50.921457" lon="-114.113326">
        <ele>1096.25</ele>
        <extensions>
          <gpxtpx:TrackPointExtension>
            <gpxtpx:Extensions>
              <highway>service</highway>
            </gpxtpx:Extensions>
          </gpxtpx:TrackPointExtension>
        </extensions>
      </trkpt>
      <trkpt lat="50.921419" lon="-114.113325">
        <ele>1096.25</ele>
        <extensions>
          <gpxtpx:TrackPointExtension>
            <gpxtpx:Extensions>
              <highway>service</highway>
            </gpxtpx:Extensions>
          </gpxtpx:TrackPointExtension>
        </extensions>
      </trkpt>
      <trkpt lat="50.921457" lon="-114.113326">
        <ele>1096.25</ele>
        <extensions>
          <gpxtpx:TrackPointExtension>
            <gpxtpx:Extensions>
              <reversedirection>yes</reversedirection>
              <highway>service</highway>
            </gpxtpx:Extensions>
          </gpxtpx:TrackPointExtension>
        </extensions>
      </trkpt>
      <trkpt lat="50.921455" lon="-114.113861">
        <ele>1098</ele>
        <extensions>
          <gpxtpx:TrackPointExtension>
            <gpxtpx:Extensions>
              <reversedirection>yes</reversedirection>
              <highway>cycleway</highway>
              <surface>asphalt</surface>
              <foot>yes</foot>
              <bicycle>yes</bicycle>
            </gpxtpx:Extensions>
          </gpxtpx:TrackPointExtension>
        </extensions>
      </trkpt>
      <trkpt lat="50.921456" lon="-114.115075">
        <ele>1101</ele>
        <extensions>
          <gpxtpx:TrackPointExtension>
            <gpxtpx:Extensions>
              <reversedirection>yes</reversedirection>
              <highway>cycleway</highway>
              <surface>asphalt</surface>
              <foot>yes</foot>
              <bicycle>yes</bicycle>
            </gpxtpx:Extensions>
          </gpxtpx:TrackPointExtension>
        </extensions>
      </trkpt>
      <trkpt lat="50.921457" lon="-114.115207">
        <ele>1101.25</ele>
        <extensions>
          <gpxtpx:TrackPointExtension>
            <gpxtpx:Extensions>
              <highway>footway</highway>
              <footway>crossing</footway>
            </gpxtpx:Extensions>
          </gpxtpx:TrackPointExtension>
        </extensions>
      </trkpt>
      <trkpt lat="50.921427" lon="-114.115213">
        <ele>1101.25</ele>
        <extensions>
          <gpxtpx:TrackPointExtension>
            <gpxtpx:Extensions>
              <reversedirection>yes</reversedirection>
              <highway>service</highway>
              <surface>asphalt</surface>
              <service>parking_aisle</service>
            </gpxtpx:Extensions>
          </gpxtpx:TrackPointExtension>
        </extensions>
      </trkpt>
      <trkpt lat="50.921393" lon="-114.115218">
        <ele>1101.25</ele>
        <extensions>
          <gpxtpx:TrackPointExtension>
            <gpxtpx:Extensions>
              <reversedirection>yes</reversedirection>
              <highway>service</highway>
              <surface>asphalt</surface>
              <service>parking_aisle</service>
            </gpxtpx:Extensions>
          </gpxtpx:TrackPointExtension>
        </extensions>
      </trkpt>
      <trkpt lat="50.921299" lon="-114.115217">
        <ele>1101.25</ele>
        <extensions>
          <gpxtpx:TrackPointExtension>
            <gpxtpx:Extensions>
              <reversedirection>yes</reversedirection>
              <highway>residential</highway>
              <surface>asphalt</surface>
            </gpxtpx:Extensions>
          </gpxtpx:TrackPointExtension>
        </extensions>
      </trkpt>
      <trkpt lat="50.921278" lon="-114.115217">
        <ele>1101.25</ele>
        <extensions>
          <gpxtpx:TrackPointExtension>
            <gpxtpx:Extensions>
              <reversedirection>yes</reversedirection>
              <highway>residential</highway>
              <surface>asphalt</surface>
            </gpxtpx:Extensions>
          </gpxtpx:TrackPointExtension>
        </extensions>
      </trkpt>
      <trkpt lat="50.921227" lon="-114.115217">
        <ele>1101.25</ele>
        <extensions>
          <gpxtpx:TrackPointExtension>
            <gpxtpx:Extensions>
              <reversedirection>yes</reversedirection>
              <highway>residential</highway>
              <surface>asphalt</surface>
            </gpxtpx:Extensions>
          </gpxtpx:TrackPointExtension>
        </extensions>
      </trkpt>
      <trkpt lat="50.921225" lon="-114.115338">
        <ele>1101.5</ele>
        <extensions>
          <gpxtpx:TrackPointExtension>
            <gpxtpx:Extensions>
              <highway>footway</highway>
              <footway>crossing</footway>
            </gpxtpx:Extensions>
          </gpxtpx:TrackPointExtension>
        </extensions>
      </trkpt>
      <trkpt lat="50.921231" lon="-114.115362">
        <ele>1101.5</ele>
        <extensions>
          <gpxtpx:TrackPointExtension>
            <gpxtpx:Extensions>
              <highway>footway</highway>
              <surface>concrete</surface>
              <footway>sidewalk</footway>
            </gpxtpx:Extensions>
          </gpxtpx:TrackPointExtension>
        </extensions>
      </trkpt>
      <trkpt lat="50.921234" lon="-114.117114">
        <ele>1104</ele>
        <extensions>
          <gpxtpx:TrackPointExtension>
            <gpxtpx:Extensions>
              <highway>cycleway</highway>
              <surface>asphalt</surface>
              <foot>yes</foot>
              <bicycle>yes</bicycle>
            </gpxtpx:Extensions>
          </gpxtpx:TrackPointExtension>
        </extensions>
      </trkpt>
      <trkpt lat="50.920951" lon="-114.11708">
        <ele>1104</ele>
        <extensions>
          <gpxtpx:TrackPointExtension>
            <gpxtpx:Extensions>
              <reversedirection>yes</reversedirection>
              <highway>cycleway</highway>
              <surface>asphalt</surface>
              <foot>yes</foot>
              <bicycle>yes</bicycle>
            </gpxtpx:Extensions>
          </gpxtpx:TrackPointExtension>
        </extensions>
      </trkpt>
      <trkpt lat="50.920858" lon="-114.117068">
        <ele>1104.25</ele>
        <extensions>
          <gpxtpx:TrackPointExtension>
            <gpxtpx:Extensions>
              <reversedirection>yes</reversedirection>
              <highway>cycleway</highway>
              <surface>asphalt</surface>
              <foot>yes</foot>
              <bicycle>yes</bicycle>
            </gpxtpx:Extensions>
          </gpxtpx:TrackPointExtension>
        </extensions>
      </trkpt>
      <trkpt lat="50.920471" lon="-114.117102">
        <ele>1104.5</ele>
        <extensions>
          <gpxtpx:TrackPointExtension>
            <gpxtpx:Extensions>
              <reversedirection>yes</reversedirection>
              <highway>cycleway</highway>
              <surface>asphalt</surface>
              <foot>yes</foot>
              <bicycle>yes</bicycle>
            </gpxtpx:Extensions>
          </gpxtpx:TrackPointExtension>
        </extensions>
      </trkpt>
      <trkpt lat="50.920081" lon="-114.117063">
        <ele>1104.25</ele>
        <extensions>
          <gpxtpx:TrackPointExtension>
            <gpxtpx:Extensions>
              <reversedirection>yes</reversedirection>
              <highway>cycleway</highway>
              <surface>asphalt</surface>
              <foot>yes</foot>
              <bicycle>yes</bicycle>
            </gpxtpx:Extensions>
          </gpxtpx:TrackPointExtension>
        </extensions>
      </trkpt>
      <trkpt lat="50.919417" lon="-114.117133">
        <ele>1105.75</ele>
        <extensions>
          <gpxtpx:TrackPointExtension>
            <gpxtpx:Extensions>
              <reversedirection>yes</reversedirection>
              <highway>cycleway</highway>
              <surface>asphalt</surface>
              <foot>yes</foot>
              <bicycle>yes</bicycle>
            </gpxtpx:Extensions>
          </gpxtpx:TrackPointExtension>
        </extensions>
      </trkpt>
      <trkpt lat="50.918849" lon="-114.117113">
        <ele>1107.25</ele>
        <extensions>
          <gpxtpx:TrackPointExtension>
            <gpxtpx:Extensions>
              <reversedirection>yes</reversedirection>
              <highway>cycleway</highway>
              <surface>asphalt</surface>
              <foot>yes</foot>
              <bicycle>yes</bicycle>
            </gpxtpx:Extensions>
          </gpxtpx:TrackPointExtension>
        </extensions>
      </trkpt>
      <trkpt lat="50.918832" lon="-114.117198">
        <ele>1107.25</ele>
        <extensions>
          <gpxtpx:TrackPointExtension>
            <gpxtpx:Extensions>
              <highway>footway</highway>
              <surface>asphalt</surface>
              <foot>yes</foot>
              <bicycle>yes</bicycle>
            </gpxtpx:Extensions>
          </gpxtpx:TrackPointExtension>
        </extensions>
      </trkpt>
      <trkpt lat="50.918835" lon="-114.117266">
        <ele>1107.5</ele>
        <extensions>
          <gpxtpx:TrackPointExtension>
            <gpxtpx:Extensions>
              <highway>footway</highway>
              <surface>asphalt</surface>
              <foot>yes</foot>
              <bicycle>yes</bicycle>
            </gpxtpx:Extensions>
          </gpxtpx:TrackPointExtension>
        </extensions>
      </trkpt>
      <trkpt lat="50.918857" lon="-114.117318">
        <ele>1107.5</ele>
        <extensions>
          <gpxtpx:TrackPointExtension>
            <gpxtpx:Extensions>
              <highway>footway</highway>
              <surface>asphalt</surface>
              <foot>yes</foot>
              <bicycle>yes</bicycle>
            </gpxtpx:Extensions>
          </gpxtpx:TrackPointExtension>
        </extensions>
      </trkpt>
      <trkpt lat="50.918915" lon="-114.117384">
        <ele>1107.25</ele>
        <extensions>
          <gpxtpx:TrackPointExtension>
            <gpxtpx:Extensions>
              <highway>footway</highway>
              <surface>asphalt</surface>
              <foot>yes</foot>
              <bicycle>yes</bicycle>
            </gpxtpx:Extensions>
          </gpxtpx:TrackPointExtension>
        </extensions>
      </trkpt>
      <trkpt lat="50.918976" lon="-114.117418">
        <ele>1107.25</ele>
        <extensions>
          <gpxtpx:TrackPointExtension>
            <gpxtpx:Extensions>
              <highway>footway</highway>
              <surface>asphalt</surface>
              <foot>yes</foot>
              <bicycle>yes</bicycle>
            </gpxtpx:Extensions>
          </gpxtpx:TrackPointExtension>
        </extensions>
      </trkpt>
      <trkpt lat="50.91902" lon="-114.117387">
        <ele>1107</ele>
        <extensions>
          <gpxtpx:TrackPointExtension>
            <gpxtpx:Extensions>
              <reversedirection>yes</reversedirection>
              <highway>footway</highway>
              <surface>asphalt</surface>
              <foot>yes</foot>
              <bicycle>yes</bicycle>
            </gpxtpx:Extensions>
          </gpxtpx:TrackPointExtension>
        </extensions>
      </trkpt>
      <trkpt lat="50.919071" lon="-114.117366">
        <ele>1107</ele>
        <extensions>
          <gpxtpx:TrackPointExtension>
            <gpxtpx:Extensions>
              <reversedirection>yes</reversedirection>
              <highway>footway</highway>
              <surface>asphalt</surface>
              <foot>yes</foot>
              <bicycle>yes</bicycle>
            </gpxtpx:Extensions>
          </gpxtpx:TrackPointExtension>
        </extensions>
      </trkpt>
      <trkpt lat="50.919143" lon="-114.117351">
        <ele>1106.75</ele>
        <extensions>
          <gpxtpx:TrackPointExtension>
            <gpxtpx:Extensions>
              <reversedirection>yes</reversedirection>
              <highway>footway</highway>
              <surface>asphalt</surface>
              <foot>yes</foot>
              <bicycle>yes</bicycle>
            </gpxtpx:Extensions>
          </gpxtpx:TrackPointExtension>
        </extensions>
      </trkpt>
      <trkpt lat="50.919334" lon="-114.117385">
        <ele>1106.25</ele>
        <extensions>
          <gpxtpx:TrackPointExtension>
            <gpxtpx:Extensions>
              <reversedirection>yes</reversedirection>
              <highway>footway</highway>
              <surface>asphalt</surface>
              <foot>yes</foot>
              <bicycle>yes</bicycle>
            </gpxtpx:Extensions>
          </gpxtpx:TrackPointExtension>
        </extensions>
      </trkpt>
      <trkpt lat="50.919459" lon="-114.11735">
        <ele>1106</ele>
        <extensions>
          <gpxtpx:TrackPointExtension>
            <gpxtpx:Extensions>
              <reversedirection>yes</reversedirection>
              <highway>footway</highway>
              <surface>asphalt</surface>
              <foot>yes</foot>
              <bicycle>yes</bicycle>
            </gpxtpx:Extensions>
          </gpxtpx:TrackPointExtension>
        </extensions>
      </trkpt>
      <trkpt lat="50.919505" lon="-114.117369">
        <ele>1105.75</ele>
        <extensions>
          <gpxtpx:TrackPointExtension>
            <gpxtpx:Extensions>
              <reversedirection>yes</reversedirection>
              <highway>footway</highway>
              <surface>asphalt</surface>
              <foot>yes</foot>
              <bicycle>yes</bicycle>
            </gpxtpx:Extensions>
          </gpxtpx:TrackPointExtension>
        </extensions>
      </trkpt>
      <trkpt lat="50.919459" lon="-114.11735">
        <ele>1106</ele>
        <extensions>
          <gpxtpx:TrackPointExtension>
            <gpxtpx:Extensions>
              <highway>footway</highway>
              <surface>asphalt</surface>
              <foot>yes</foot>
              <bicycle>yes</bicycle>
            </gpxtpx:Extensions>
          </gpxtpx:TrackPointExtension>
        </extensions>
      </trkpt>
      <trkpt lat="50.919334" lon="-114.117385">
        <ele>1106.25</ele>
        <extensions>
          <gpxtpx:TrackPointExtension>
            <gpxtpx:Extensions>
              <highway>footway</highway>
              <surface>asphalt</surface>
              <foot>yes</foot>
              <bicycle>yes</bicycle>
            </gpxtpx:Extensions>
          </gpxtpx:TrackPointExtension>
        </extensions>
      </trkpt>
      <trkpt lat="50.919143" lon="-114.117351">
        <ele>1106.75</ele>
        <extensions>
          <gpxtpx:TrackPointExtension>
            <gpxtpx:Extensions>
              <highway>footway</highway>
              <surface>asphalt</surface>
              <foot>yes</foot>
              <bicycle>yes</bicycle>
            </gpxtpx:Extensions>
          </gpxtpx:TrackPointExtension>
        </extensions>
      </trkpt>
      <trkpt lat="50.919071" lon="-114.117366">
        <ele>1107</ele>
        <extensions>
          <gpxtpx:TrackPointExtension>
            <gpxtpx:Extensions>
              <highway>footway</highway>
              <surface>asphalt</surface>
              <foot>yes</foot>
              <bicycle>yes</bicycle>
            </gpxtpx:Extensions>
          </gpxtpx:TrackPointExtension>
        </extensions>
      </trkpt>
      <trkpt lat="50.91902" lon="-114.117387">
        <ele>1107</ele>
        <extensions>
          <gpxtpx:TrackPointExtension>
            <gpxtpx:Extensions>
              <highway>footway</highway>
              <surface>asphalt</surface>
              <foot>yes</foot>
              <bicycle>yes</bicycle>
            </gpxtpx:Extensions>
          </gpxtpx:TrackPointExtension>
        </extensions>
      </trkpt>
      <trkpt lat="50.918976" lon="-114.117418">
        <ele>1107.25</ele>
        <extensions>
          <gpxtpx:TrackPointExtension>
            <gpxtpx:Extensions>
              <highway>footway</highway>
              <surface>asphalt</surface>
              <foot>yes</foot>
              <bicycle>yes</bicycle>
            </gpxtpx:Extensions>
          </gpxtpx:TrackPointExtension>
        </extensions>
      </trkpt>
      <trkpt lat="50.918915" lon="-114.117384">
        <ele>1107.25</ele>
        <extensions>
          <gpxtpx:TrackPointExtension>
            <gpxtpx:Extensions>
              <reversedirection>yes</reversedirection>
              <highway>footway</highway>
              <surface>asphalt</surface>
              <foot>yes</foot>
              <bicycle>yes</bicycle>
            </gpxtpx:Extensions>
          </gpxtpx:TrackPointExtension>
        </extensions>
      </trkpt>
      <trkpt lat="50.918857" lon="-114.117318">
        <ele>1107.5</ele>
        <extensions>
          <gpxtpx:TrackPointExtension>
            <gpxtpx:Extensions>
              <reversedirection>yes</reversedirection>
              <highway>footway</highway>
              <surface>asphalt</surface>
              <foot>yes</foot>
              <bicycle>yes</bicycle>
            </gpxtpx:Extensions>
          </gpxtpx:TrackPointExtension>
        </extensions>
      </trkpt>
      <trkpt lat="50.918835" lon="-114.117266">
        <ele>1107.5</ele>
        <extensions>
          <gpxtpx:TrackPointExtension>
            <gpxtpx:Extensions>
              <reversedirection>yes</reversedirection>
              <highway>footway</highway>
              <surface>asphalt</surface>
              <foot>yes</foot>
              <bicycle>yes</bicycle>
            </gpxtpx:Extensions>
          </gpxtpx:TrackPointExtension>
        </extensions>
      </trkpt>
      <trkpt lat="50.918832" lon="-114.117198">
        <ele>1107.25</ele>
        <extensions>
          <gpxtpx:TrackPointExtension>
            <gpxtpx:Extensions>
              <reversedirection>yes</reversedirection>
              <highway>footway</highway>
              <surface>asphalt</surface>
              <foot>yes</foot>
              <bicycle>yes</bicycle>
            </gpxtpx:Extensions>
          </gpxtpx:TrackPointExtension>
        </extensions>
      </trkpt>
      <trkpt lat="50.918849" lon="-114.117113">
        <ele>1107.25</ele>
        <extensions>
          <gpxtpx:TrackPointExtension>
            <gpxtpx:Extensions>
              <reversedirection>yes</reversedirection>
              <highway>footway</highway>
              <surface>asphalt</surface>
              <foot>yes</foot>
              <bicycle>yes</bicycle>
            </gpxtpx:Extensions>
          </gpxtpx:TrackPointExtension>
        </extensions>
      </trkpt>
      <trkpt lat="50.918513" lon="-114.117138">
        <ele>1108</ele>
        <extensions>
          <gpxtpx:TrackPointExtension>
            <gpxtpx:Extensions>
              <reversedirection>yes</reversedirection>
              <highway>cycleway</highway>
              <surface>asphalt</surface>
              <foot>yes</foot>
              <bicycle>yes</bicycle>
            </gpxtpx:Extensions>
          </gpxtpx:TrackPointExtension>
        </extensions>
      </trkpt>
      <trkpt lat="50.918063" lon="-114.117107">
        <ele>1107.75</ele>
        <extensions>
          <gpxtpx:TrackPointExtension>
            <gpxtpx:Extensions>
              <reversedirection>yes</reversedirection>
              <highway>cycleway</highway>
              <surface>asphalt</surface>
              <foot>yes</foot>
              <bicycle>yes</bicycle>
            </gpxtpx:Extensions>
          </gpxtpx:TrackPointExtension>
        </extensions>
      </trkpt>
      <trkpt lat="50.917888" lon="-114.117137">
        <ele>1107.5</ele>
        <extensions>
          <gpxtpx:TrackPointExtension>
            <gpxtpx:Extensions>
              <reversedirection>yes</reversedirection>
              <highway>cycleway</highway>
              <surface>asphalt</surface>
              <foot>yes</foot>
              <bicycle>yes</bicycle>
            </gpxtpx:Extensions>
          </gpxtpx:TrackPointExtension>
        </extensions>
      </trkpt>
      <trkpt lat="50.917555" lon="-114.117133">
        <ele>1106.75</ele>
        <extensions>
          <gpxtpx:TrackPointExtension>
            <gpxtpx:Extensions>
              <reversedirection>yes</reversedirection>
              <highway>cycleway</highway>
              <surface>asphalt</surface>
              <foot>yes</foot>
              <bicycle>yes</bicycle>
            </gpxtpx:Extensions>
          </gpxtpx:TrackPointExtension>
        </extensions>
      </trkpt>
      <trkpt lat="50.917328" lon="-114.11715">
        <ele>1107</ele>
        <extensions>
          <gpxtpx:TrackPointExtension>
            <gpxtpx:Extensions>
              <reversedirection>yes</reversedirection>
              <highway>cycleway</highway>
              <surface>asphalt</surface>
              <foot>yes</foot>
              <bicycle>yes</bicycle>
            </gpxtpx:Extensions>
          </gpxtpx:TrackPointExtension>
        </extensions>
      </trkpt>
      <trkpt lat="50.917155" lon="-114.117147">
        <ele>1107.25</ele>
        <extensions>
          <gpxtpx:TrackPointExtension>
            <gpxtpx:Extensions>
              <reversedirection>yes</reversedirection>
              <highway>cycleway</highway>
              <surface>asphalt</surface>
              <foot>yes</foot>
              <bicycle>yes</bicycle>
            </gpxtpx:Extensions>
          </gpxtpx:TrackPointExtension>
        </extensions>
      </trkpt>
      <trkpt lat="50.916688" lon="-114.117104">
        <ele>1108</ele>
        <extensions>
          <gpxtpx:TrackPointExtension>
            <gpxtpx:Extensions>
              <reversedirection>yes</reversedirection>
              <highway>cycleway</highway>
              <surface>asphalt</surface>
              <foot>yes</foot>
              <bicycle>yes</bicycle>
            </gpxtpx:Extensions>
          </gpxtpx:TrackPointExtension>
        </extensions>
      </trkpt>
      <trkpt lat="50.91648" lon="-114.117113">
        <ele>1107.75</ele>
        <extensions>
          <gpxtpx:TrackPointExtension>
            <gpxtpx:Extensions>
              <reversedirection>yes</reversedirection>
              <highway>cycleway</highway>
              <surface>asphalt</surface>
              <foot>yes</foot>
              <bicycle>yes</bicycle>
            </gpxtpx:Extensions>
          </gpxtpx:TrackPointExtension>
        </extensions>
      </trkpt>
      <trkpt lat="50.916284" lon="-114.117158">
        <ele>1107.5</ele>
        <extensions>
          <gpxtpx:TrackPointExtension>
            <gpxtpx:Extensions>
              <reversedirection>yes</reversedirection>
              <highway>cycleway</highway>
              <surface>asphalt</surface>
              <foot>yes</foot>
              <bicycle>yes</bicycle>
            </gpxtpx:Extensions>
          </gpxtpx:TrackPointExtension>
        </extensions>
      </trkpt>
      <trkpt lat="50.916188" lon="-114.117158">
        <ele>1107.5</ele>
        <extensions>
          <gpxtpx:TrackPointExtension>
            <gpxtpx:Extensions>
              <reversedirection>yes</reversedirection>
              <highway>cycleway</highway>
              <surface>asphalt</surface>
              <foot>yes</foot>
              <bicycle>yes</bicycle>
            </gpxtpx:Extensions>
          </gpxtpx:TrackPointExtension>
        </extensions>
      </trkpt>
      <trkpt lat="50.915933" lon="-114.117143">
        <ele>1107.25</ele>
        <extensions>
          <gpxtpx:TrackPointExtension>
            <gpxtpx:Extensions>
              <reversedirection>yes</reversedirection>
              <highway>cycleway</highway>
              <surface>asphalt</surface>
              <foot>yes</foot>
              <bicycle>yes</bicycle>
            </gpxtpx:Extensions>
          </gpxtpx:TrackPointExtension>
        </extensions>
      </trkpt>
      <trkpt lat="50.915714" lon="-114.117109">
        <ele>1107</ele>
        <extensions>
          <gpxtpx:TrackPointExtension>
            <gpxtpx:Extensions>
              <reversedirection>yes</reversedirection>
              <highway>cycleway</highway>
              <surface>asphalt</surface>
              <foot>yes</foot>
              <bicycle>yes</bicycle>
            </gpxtpx:Extensions>
          </gpxtpx:TrackPointExtension>
        </extensions>
      </trkpt>
      <trkpt lat="50.915487" lon="-114.117108">
        <ele>1107</ele>
        <extensions>
          <gpxtpx:TrackPointExtension>
            <gpxtpx:Extensions>
              <reversedirection>yes</reversedirection>
              <highway>cycleway</highway>
              <surface>asphalt</surface>
              <foot>yes</foot>
              <bicycle>yes</bicycle>
            </gpxtpx:Extensions>
          </gpxtpx:TrackPointExtension>
        </extensions>
      </trkpt>
      <trkpt lat="50.915437" lon="-114.117114">
        <ele>1107</ele>
        <extensions>
          <gpxtpx:TrackPointExtension>
            <gpxtpx:Extensions>
              <reversedirection>yes</reversedirection>
              <highway>cycleway</highway>
              <surface>asphalt</surface>
              <foot>yes</foot>
              <bicycle>yes</bicycle>
            </gpxtpx:Extensions>
          </gpxtpx:TrackPointExtension>
        </extensions>
      </trkpt>
      <trkpt lat="50.915122" lon="-114.117152">
        <ele>1107</ele>
        <extensions>
          <gpxtpx:TrackPointExtension>
            <gpxtpx:Extensions>
              <reversedirection>yes</reversedirection>
              <highway>cycleway</highway>
              <surface>asphalt</surface>
              <foot>yes</foot>
              <bicycle>yes</bicycle>
            </gpxtpx:Extensions>
          </gpxtpx:TrackPointExtension>
        </extensions>
      </trkpt>
      <trkpt lat="50.914825" lon="-114.117139">
        <ele>1107</ele>
        <extensions>
          <gpxtpx:TrackPointExtension>
            <gpxtpx:Extensions>
              <reversedirection>yes</reversedirection>
              <highway>cycleway</highway>
              <surface>asphalt</surface>
              <foot>yes</foot>
              <bicycle>yes</bicycle>
            </gpxtpx:Extensions>
          </gpxtpx:TrackPointExtension>
        </extensions>
      </trkpt>
      <trkpt lat="50.914608" lon="-114.117098">
        <ele>1107.25</ele>
        <extensions>
          <gpxtpx:TrackPointExtension>
            <gpxtpx:Extensions>
              <reversedirection>yes</reversedirection>
              <highway>cycleway</highway>
              <surface>asphalt</surface>
              <foot>yes</foot>
              <bicycle>yes</bicycle>
            </gpxtpx:Extensions>
          </gpxtpx:TrackPointExtension>
        </extensions>
      </trkpt>
      <trkpt lat="50.914539" lon="-114.117096">
        <ele>1107.25</ele>
        <extensions>
          <gpxtpx:TrackPointExtension>
            <gpxtpx:Extensions>
              <reversedirection>yes</reversedirection>
              <highway>cycleway</highway>
              <surface>asphalt</surface>
              <foot>yes</foot>
              <bicycle>yes</bicycle>
            </gpxtpx:Extensions>
          </gpxtpx:TrackPointExtension>
        </extensions>
      </trkpt>
      <trkpt lat="50.914169" lon="-114.117136">
        <ele>1107.5</ele>
        <extensions>
          <gpxtpx:TrackPointExtension>
            <gpxtpx:Extensions>
              <reversedirection>yes</reversedirection>
              <highway>cycleway</highway>
              <surface>asphalt</surface>
              <foot>yes</foot>
              <bicycle>yes</bicycle>
            </gpxtpx:Extensions>
          </gpxtpx:TrackPointExtension>
        </extensions>
      </trkpt>
      <trkpt lat="50.914116" lon="-114.11713">
        <ele>1107.5</ele>
        <extensions>
          <gpxtpx:TrackPointExtension>
            <gpxtpx:Extensions>
              <reversedirection>yes</reversedirection>
              <highway>cycleway</highway>
              <surface>asphalt</surface>
              <foot>yes</foot>
              <bicycle>yes</bicycle>
            </gpxtpx:Extensions>
          </gpxtpx:TrackPointExtension>
        </extensions>
      </trkpt>
      <trkpt lat="50.914064" lon="-114.117122">
        <ele>1107.25</ele>
        <extensions>
          <gpxtpx:TrackPointExtension>
            <gpxtpx:Extensions>
              <highway>cycleway</highway>
              <surface>asphalt</surface>
              <foot>yes</foot>
              <bicycle>yes</bicycle>
            </gpxtpx:Extensions>
          </gpxtpx:TrackPointExtension>
        </extensions>
      </trkpt>
      <trkpt lat="50.913728" lon="-114.11708">
        <ele>1107</ele>
        <extensions>
          <gpxtpx:TrackPointExtension>
            <gpxtpx:Extensions>
              <highway>cycleway</highway>
              <surface>asphalt</surface>
              <foot>yes</foot>
              <bicycle>yes</bicycle>
            </gpxtpx:Extensions>
          </gpxtpx:TrackPointExtension>
        </extensions>
      </trkpt>
      <trkpt lat="50.913576" lon="-114.117085">
        <ele>1107</ele>
        <extensions>
          <gpxtpx:TrackPointExtension>
            <gpxtpx:Extensions>
              <highway>cycleway</highway>
              <surface>asphalt</surface>
              <foot>yes</foot>
              <bicycle>yes</bicycle>
            </gpxtpx:Extensions>
          </gpxtpx:TrackPointExtension>
        </extensions>
      </trkpt>
      <trkpt lat="50.913162" lon="-114.117149">
        <ele>1106.75</ele>
        <extensions>
          <gpxtpx:TrackPointExtension>
            <gpxtpx:Extensions>
              <highway>cycleway</highway>
              <surface>asphalt</surface>
              <foot>yes</foot>
              <bicycle>yes</bicycle>
            </gpxtpx:Extensions>
          </gpxtpx:TrackPointExtension>
        </extensions>
      </trkpt>
      <trkpt lat="50.912553" lon="-114.117083">
        <ele>1106.5</ele>
        <extensions>
          <gpxtpx:TrackPointExtension>
            <gpxtpx:Extensions>
              <highway>cycleway</highway>
              <surface>asphalt</surface>
              <foot>yes</foot>
              <bicycle>yes</bicycle>
            </gpxtpx:Extensions>
          </gpxtpx:TrackPointExtension>
        </extensions>
      </trkpt>
      <trkpt lat="50.912303" lon="-114.117131">
        <ele>1106.75</ele>
        <extensions>
          <gpxtpx:TrackPointExtension>
            <gpxtpx:Extensions>
              <highway>cycleway</highway>
              <surface>asphalt</surface>
              <foot>yes</foot>
              <bicycle>yes</bicycle>
            </gpxtpx:Extensions>
          </gpxtpx:TrackPointExtension>
        </extensions>
      </trkpt>
      <trkpt lat="50.912122" lon="-114.117127">
        <ele>1106.75</ele>
        <extensions>
          <gpxtpx:TrackPointExtension>
            <gpxtpx:Extensions>
              <highway>cycleway</highway>
              <surface>asphalt</surface>
              <foot>yes</foot>
              <bicycle>yes</bicycle>
            </gpxtpx:Extensions>
          </gpxtpx:TrackPointExtension>
        </extensions>
      </trkpt>
      <trkpt lat="50.911789" lon="-114.117114">
        <ele>1107.25</ele>
        <extensions>
          <gpxtpx:TrackPointExtension>
            <gpxtpx:Extensions>
              <highway>cycleway</highway>
              <surface>asphalt</surface>
              <foot>yes</foot>
              <bicycle>yes</bicycle>
            </gpxtpx:Extensions>
          </gpxtpx:TrackPointExtension>
        </extensions>
      </trkpt>
      <trkpt lat="50.911646" lon="-114.117119">
        <ele>1107.25</ele>
        <extensions>
          <gpxtpx:TrackPointExtension>
            <gpxtpx:Extensions>
              <highway>cycleway</highway>
              <surface>asphalt</surface>
              <foot>yes</foot>
              <bicycle>yes</bicycle>
            </gpxtpx:Extensions>
          </gpxtpx:TrackPointExtension>
        </extensions>
      </trkpt>
      <trkpt lat="50.911503" lon="-114.117094">
        <ele>1107.5</ele>
        <extensions>
          <gpxtpx:TrackPointExtension>
            <gpxtpx:Extensions>
              <highway>cycleway</highway>
              <surface>asphalt</surface>
              <foot>yes</foot>
              <bicycle>yes</bicycle>
            </gpxtpx:Extensions>
          </gpxtpx:TrackPointExtension>
        </extensions>
      </trkpt>
      <trkpt lat="50.911287" lon="-114.117111">
        <ele>1107.5</ele>
        <extensions>
          <gpxtpx:TrackPointExtension>
            <gpxtpx:Extensions>
              <highway>cycleway</highway>
              <surface>asphalt</surface>
              <foot>yes</foot>
              <bicycle>yes</bicycle>
            </gpxtpx:Extensions>
          </gpxtpx:TrackPointExtension>
        </extensions>
      </trkpt>
      <trkpt lat="50.911033" lon="-114.11716">
        <ele>1107.75</ele>
        <extensions>
          <gpxtpx:TrackPointExtension>
            <gpxtpx:Extensions>
              <highway>cycleway</highway>
              <surface>asphalt</surface>
              <foot>yes</foot>
              <bicycle>yes</bicycle>
            </gpxtpx:Extensions>
          </gpxtpx:TrackPointExtension>
        </extensions>
      </trkpt>
      <trkpt lat="50.910955" lon="-114.117167">
        <ele>1107.75</ele>
        <extensions>
          <gpxtpx:TrackPointExtension>
            <gpxtpx:Extensions>
              <highway>cycleway</highway>
              <surface>asphalt</surface>
              <foot>yes</foot>
              <bicycle>yes</bicycle>
            </gpxtpx:Extensions>
          </gpxtpx:TrackPointExtension>
        </extensions>
      </trkpt>
      <trkpt lat="50.910957" lon="-114.117301">
        <ele>1107.75</ele>
        <extensions>
          <gpxtpx:TrackPointExtension>
            <gpxtpx:Extensions>
              <highway>cycleway</highway>
              <surface>asphalt</surface>
              <foot>yes</foot>
              <bicycle>yes</bicycle>
            </gpxtpx:Extensions>
          </gpxtpx:TrackPointExtension>
        </extensions>
      </trkpt>
      <trkpt lat="50.910891" lon="-114.117307">
        <ele>1107.75</ele>
        <extensions>
          <gpxtpx:TrackPointExtension>
            <gpxtpx:Extensions>
              <reversedirection>yes</reversedirection>
              <highway>footway</highway>
              <surface>asphalt</surface>
              <bicycle>dismount</bicycle>
              <footway>crossing</footway>
            </gpxtpx:Extensions>
          </gpxtpx:TrackPointExtension>
        </extensions>
      </trkpt>
      <trkpt lat="50.910823" lon="-114.117312">
        <ele>1107.75</ele>
        <extensions>
          <gpxtpx:TrackPointExtension>
            <gpxtpx:Extensions>
              <reversedirection>yes</reversedirection>
              <highway>footway</highway>
              <surface>asphalt</surface>
              <bicycle>dismount</bicycle>
              <footway>crossing</footway>
            </gpxtpx:Extensions>
          </gpxtpx:TrackPointExtension>
        </extensions>
      </trkpt>
      <trkpt lat="50.910891" lon="-114.117307">
        <ele>1107.75</ele>
        <extensions>
          <gpxtpx:TrackPointExtension>
            <gpxtpx:Extensions>
              <highway>footway</highway>
              <surface>asphalt</surface>
              <bicycle>dismount</bicycle>
              <footway>crossing</footway>
            </gpxtpx:Extensions>
          </gpxtpx:TrackPointExtension>
        </extensions>
      </trkpt>
      <trkpt lat="50.910891" lon="-114.11712">
        <ele>1107.75</ele>
        <extensions>
          <gpxtpx:TrackPointExtension>
            <gpxtpx:Extensions>
              <highway>tertiary</highway>
              <oneway>yes</oneway>
            </gpxtpx:Extensions>
          </gpxtpx:TrackPointExtension>
        </extensions>
      </trkpt>
      <trkpt lat="50.910797" lon="-114.117051">
        <ele>1107.75</ele>
        <extensions>
          <gpxtpx:TrackPointExtension>
            <gpxtpx:Extensions>
              <highway>tertiary</highway>
              <oneway>yes</oneway>
            </gpxtpx:Extensions>
          </gpxtpx:TrackPointExtension>
        </extensions>
      </trkpt>
      <trkpt lat="50.910726" lon="-114.117052">
        <ele>1107.75</ele>
        <extensions>
          <gpxtpx:TrackPointExtension>
            <gpxtpx:Extensions>
              <highway>tertiary</highway>
              <oneway>yes</oneway>
            </gpxtpx:Extensions>
          </gpxtpx:TrackPointExtension>
        </extensions>
      </trkpt>
      <trkpt lat="50.909214" lon="-114.117049">
        <ele>1109.25</ele>
        <extensions>
          <gpxtpx:TrackPointExtension>
            <gpxtpx:Extensions>
              <highway>tertiary</highway>
              <oneway>yes</oneway>
            </gpxtpx:Extensions>
          </gpxtpx:TrackPointExtension>
        </extensions>
      </trkpt>
      <trkpt lat="50.908165" lon="-114.117045">
        <ele>1111</ele>
        <extensions>
          <gpxtpx:TrackPointExtension>
            <gpxtpx:Extensions>
              <highway>tertiary</highway>
              <oneway>yes</oneway>
            </gpxtpx:Extensions>
          </gpxtpx:TrackPointExtension>
        </extensions>
      </trkpt>
      <trkpt lat="50.908087" lon="-114.117045">
        <ele>1111.25</ele>
        <extensions>
          <gpxtpx:TrackPointExtension>
            <gpxtpx:Extensions>
              <highway>tertiary</highway>
              <oneway>yes</oneway>
            </gpxtpx:Extensions>
          </gpxtpx:TrackPointExtension>
        </extensions>
      </trkpt>
      <trkpt lat="50.907132" lon="-114.117021">
        <ele>1114.5</ele>
        <extensions>
          <gpxtpx:TrackPointExtension>
            <gpxtpx:Extensions>
              <highway>tertiary</highway>
              <oneway>yes</oneway>
            </gpxtpx:Extensions>
          </gpxtpx:TrackPointExtension>
        </extensions>
      </trkpt>
      <trkpt lat="50.906967" lon="-114.117019">
        <ele>1114.75</ele>
        <extensions>
          <gpxtpx:TrackPointExtension>
            <gpxtpx:Extensions>
              <highway>tertiary</highway>
              <oneway>yes</oneway>
            </gpxtpx:Extensions>
          </gpxtpx:TrackPointExtension>
        </extensions>
      </trkpt>
      <trkpt lat="50.906891" lon="-114.117018">
        <ele>1114.75</ele>
        <extensions>
          <gpxtpx:TrackPointExtension>
            <gpxtpx:Extensions>
              <highway>tertiary</highway>
              <oneway>yes</oneway>
            </gpxtpx:Extensions>
          </gpxtpx:TrackPointExtension>
        </extensions>
      </trkpt>
      <trkpt lat="50.906685" lon="-114.117024">
        <ele>1115.25</ele>
        <extensions>
          <gpxtpx:TrackPointExtension>
            <gpxtpx:Extensions>
              <highway>tertiary</highway>
              <oneway>yes</oneway>
            </gpxtpx:Extensions>
          </gpxtpx:TrackPointExtension>
        </extensions>
      </trkpt>
      <trkpt lat="50.906675" lon="-114.117025">
        <ele>1115.25</ele>
        <extensions>
          <gpxtpx:TrackPointExtension>
            <gpxtpx:Extensions>
              <highway>tertiary</highway>
              <oneway>yes</oneway>
            </gpxtpx:Extensions>
          </gpxtpx:TrackPointExtension>
        </extensions>
      </trkpt>
      <trkpt lat="50.906633" lon="-114.117027">
        <ele>1115.25</ele>
        <extensions>
          <gpxtpx:TrackPointExtension>
            <gpxtpx:Extensions>
              <highway>tertiary</highway>
              <oneway>yes</oneway>
            </gpxtpx:Extensions>
          </gpxtpx:TrackPointExtension>
        </extensions>
      </trkpt>
      <trkpt lat="50.906544" lon="-114.117027">
        <ele>1115.25</ele>
        <extensions>
          <gpxtpx:TrackPointExtension>
            <gpxtpx:Extensions>
              <highway>tertiary</highway>
              <oneway>yes</oneway>
            </gpxtpx:Extensions>
          </gpxtpx:TrackPointExtension>
        </extensions>
      </trkpt>
      <trkpt lat="50.905431" lon="-114.11703">
        <ele>1115</ele>
        <extensions>
          <gpxtpx:TrackPointExtension>
            <gpxtpx:Extensions>
              <highway>tertiary</highway>
              <oneway>yes</oneway>
            </gpxtpx:Extensions>
          </gpxtpx:TrackPointExtension>
        </extensions>
      </trkpt>
      <trkpt lat="50.905066" lon="-114.117047">
        <ele>1115.25</ele>
        <extensions>
          <gpxtpx:TrackPointExtension>
            <gpxtpx:Extensions>
              <highway>tertiary</highway>
              <oneway>yes</oneway>
            </gpxtpx:Extensions>
          </gpxtpx:TrackPointExtension>
        </extensions>
      </trkpt>
      <trkpt lat="50.905055" lon="-114.117194">
        <ele>1115.25</ele>
        <extensions>
          <gpxtpx:TrackPointExtension>
            <gpxtpx:Extensions>
              <highway>residential</highway>
            </gpxtpx:Extensions>
          </gpxtpx:TrackPointExtension>
        </extensions>
      </trkpt>
      <trkpt lat="50.905055" lon="-114.117307">
        <ele>1115</ele>
        <extensions>
          <gpxtpx:TrackPointExtension>
            <gpxtpx:Extensions>
              <highway>residential</highway>
            </gpxtpx:Extensions>
          </gpxtpx:TrackPointExtension>
        </extensions>
      </trkpt>
      <trkpt lat="50.90497" lon="-114.117302">
        <ele>1115.25</ele>
        <extensions>
          <gpxtpx:TrackPointExtension>
            <gpxtpx:Extensions>
              <reversedirection>yes</reversedirection>
              <highway>footway</highway>
              <surface>asphalt</surface>
              <bicycle>dismount</bicycle>
              <footway>crossing</footway>
            </gpxtpx:Extensions>
          </gpxtpx:TrackPointExtension>
        </extensions>
      </trkpt>
      <trkpt lat="50.90419" lon="-114.117294">
        <ele>1115.75</ele>
        <extensions>
          <gpxtpx:TrackPointExtension>
            <gpxtpx:Extensions>
              <reversedirection>yes</reversedirection>
              <highway>cycleway</highway>
              <surface>asphalt</surface>
              <foot>yes</foot>
              <bicycle>yes</bicycle>
            </gpxtpx:Extensions>
          </gpxtpx:TrackPointExtension>
        </extensions>
      </trkpt>
      <trkpt lat="50.903868" lon="-114.117299">
        <ele>1116.25</ele>
        <extensions>
          <gpxtpx:TrackPointExtension>
            <gpxtpx:Extensions>
              <reversedirection>yes</reversedirection>
              <highway>cycleway</highway>
              <surface>asphalt</surface>
              <foot>yes</foot>
              <bicycle>yes</bicycle>
            </gpxtpx:Extensions>
          </gpxtpx:TrackPointExtension>
        </extensions>
      </trkpt>
      <trkpt lat="50.903204" lon="-114.117305">
        <ele>1116.75</ele>
        <extensions>
          <gpxtpx:TrackPointExtension>
            <gpxtpx:Extensions>
              <reversedirection>yes</reversedirection>
              <highway>cycleway</highway>
              <surface>asphalt</surface>
              <foot>yes</foot>
              <bicycle>yes</bicycle>
            </gpxtpx:Extensions>
          </gpxtpx:TrackPointExtension>
        </extensions>
      </trkpt>
      <trkpt lat="50.903127" lon="-114.117304">
        <ele>1116.75</ele>
        <extensions>
          <gpxtpx:TrackPointExtension>
            <gpxtpx:Extensions>
              <reversedirection>yes</reversedirection>
              <highway>cycleway</highway>
              <surface>asphalt</surface>
              <foot>yes</foot>
              <bicycle>yes</bicycle>
            </gpxtpx:Extensions>
          </gpxtpx:TrackPointExtension>
        </extensions>
      </trkpt>
      <trkpt lat="50.903033" lon="-114.117302">
        <ele>1117</ele>
        <extensions>
          <gpxtpx:TrackPointExtension>
            <gpxtpx:Extensions>
              <reversedirection>yes</reversedirection>
              <highway>cycleway</highway>
              <surface>asphalt</surface>
              <foot>yes</foot>
              <bicycle>yes</bicycle>
            </gpxtpx:Extensions>
          </gpxtpx:TrackPointExtension>
        </extensions>
      </trkpt>
      <trkpt lat="50.901656" lon="-114.117277">
        <ele>1116.75</ele>
        <extensions>
          <gpxtpx:TrackPointExtension>
            <gpxtpx:Extensions>
              <reversedirection>yes</reversedirection>
              <highway>cycleway</highway>
              <surface>asphalt</surface>
              <foot>yes</foot>
              <bicycle>yes</bicycle>
            </gpxtpx:Extensions>
          </gpxtpx:TrackPointExtension>
        </extensions>
      </trkpt>
      <trkpt lat="50.901622" lon="-114.11728">
        <ele>1116.75</ele>
        <extensions>
          <gpxtpx:TrackPointExtension>
            <gpxtpx:Extensions>
              <reversedirection>yes</reversedirection>
              <highway>cycleway</highway>
              <surface>asphalt</surface>
              <foot>yes</foot>
              <bicycle>yes</bicycle>
            </gpxtpx:Extensions>
          </gpxtpx:TrackPointExtension>
        </extensions>
      </trkpt>
      <trkpt lat="50.901596" lon="-114.117301">
        <ele>1116.75</ele>
        <extensions>
          <gpxtpx:TrackPointExtension>
            <gpxtpx:Extensions>
              <reversedirection>yes</reversedirection>
              <highway>cycleway</highway>
              <surface>asphalt</surface>
              <foot>yes</foot>
              <bicycle>yes</bicycle>
            </gpxtpx:Extensions>
          </gpxtpx:TrackPointExtension>
        </extensions>
      </trkpt>
      <trkpt lat="50.901597" lon="-114.117131">
        <ele>1116.5</ele>
        <extensions>
          <gpxtpx:TrackPointExtension>
            <gpxtpx:Extensions>
              <reversedirection>yes</reversedirection>
              <highway>footway</highway>
              <footway>crossing</footway>
            </gpxtpx:Extensions>
          </gpxtpx:TrackPointExtension>
        </extensions>
      </trkpt>
      <trkpt lat="50.901597" lon="-114.116992">
        <ele>1116.5</ele>
        <extensions>
          <gpxtpx:TrackPointExtension>
            <gpxtpx:Extensions>
              <reversedirection>yes</reversedirection>
              <highway>footway</highway>
              <footway>crossing</footway>
            </gpxtpx:Extensions>
          </gpxtpx:TrackPointExtension>
        </extensions>
      </trkpt>
      <trkpt lat="50.901721" lon="-114.116991">
        <ele>1116.25</ele>
        <extensions>
          <gpxtpx:TrackPointExtension>
            <gpxtpx:Extensions>
              <highway>footway</highway>
              <footway>sidewalk</footway>
            </gpxtpx:Extensions>
          </gpxtpx:TrackPointExtension>
        </extensions>
      </trkpt>
      <trkpt lat="50.901753" lon="-114.116991">
        <ele>1116.25</ele>
        <extensions>
          <gpxtpx:TrackPointExtension>
            <gpxtpx:Extensions>
              <highway>footway</highway>
              <footway>sidewalk</footway>
            </gpxtpx:Extensions>
          </gpxtpx:TrackPointExtension>
        </extensions>
      </trkpt>
      <trkpt lat="50.901748" lon="-114.116573">
        <ele>1115.75</ele>
        <extensions>
          <gpxtpx:TrackPointExtension>
            <gpxtpx:Extensions>
              <highway>cycleway</highway>
              <surface>asphalt</surface>
              <foot>yes</foot>
              <bicycle>yes</bicycle>
            </gpxtpx:Extensions>
          </gpxtpx:TrackPointExtension>
        </extensions>
      </trkpt>
      <trkpt lat="50.901769" lon="-114.11647">
        <ele>1115.75</ele>
        <extensions>
          <gpxtpx:TrackPointExtension>
            <gpxtpx:Extensions>
              <highway>cycleway</highway>
              <surface>asphalt</surface>
              <foot>yes</foot>
              <bicycle>yes</bicycle>
            </gpxtpx:Extensions>
          </gpxtpx:TrackPointExtension>
        </extensions>
      </trkpt>
      <trkpt lat="50.901759" lon="-114.115921">
        <ele>1115.75</ele>
        <extensions>
          <gpxtpx:TrackPointExtension>
            <gpxtpx:Extensions>
              <highway>cycleway</highway>
              <surface>asphalt</surface>
              <foot>yes</foot>
              <bicycle>yes</bicycle>
            </gpxtpx:Extensions>
          </gpxtpx:TrackPointExtension>
        </extensions>
      </trkpt>
      <trkpt lat="50.901738" lon="-114.1159">
        <ele>1115.75</ele>
        <extensions>
          <gpxtpx:TrackPointExtension>
            <gpxtpx:Extensions>
              <highway>residential</highway>
            </gpxtpx:Extensions>
          </gpxtpx:TrackPointExtension>
        </extensions>
      </trkpt>
      <trkpt lat="50.901701" lon="-114.115837">
        <ele>1115.75</ele>
        <extensions>
          <gpxtpx:TrackPointExtension>
            <gpxtpx:Extensions>
              <highway>residential</highway>
            </gpxtpx:Extensions>
          </gpxtpx:TrackPointExtension>
        </extensions>
      </trkpt>
      <trkpt lat="50.901689" lon="-114.115794">
        <ele>1115.75</ele>
        <extensions>
          <gpxtpx:TrackPointExtension>
            <gpxtpx:Extensions>
              <highway>residential</highway>
            </gpxtpx:Extensions>
          </gpxtpx:TrackPointExtension>
        </extensions>
      </trkpt>
      <trkpt lat="50.901683" lon="-114.115743">
        <ele>1115.75</ele>
        <extensions>
          <gpxtpx:TrackPointExtension>
            <gpxtpx:Extensions>
              <highway>residential</highway>
            </gpxtpx:Extensions>
          </gpxtpx:TrackPointExtension>
        </extensions>
      </trkpt>
      <trkpt lat="50.90169" lon="-114.113841">
        <ele>1115.5</ele>
        <extensions>
          <gpxtpx:TrackPointExtension>
            <gpxtpx:Extensions>
              <highway>residential</highway>
            </gpxtpx:Extensions>
          </gpxtpx:TrackPointExtension>
        </extensions>
      </trkpt>
      <trkpt lat="50.901068" lon="-114.113837">
        <ele>1114</ele>
        <extensions>
          <gpxtpx:TrackPointExtension>
            <gpxtpx:Extensions>
              <reversedirection>yes</reversedirection>
              <highway>residential</highway>
            </gpxtpx:Extensions>
          </gpxtpx:TrackPointExtension>
        </extensions>
      </trkpt>
      <trkpt lat="50.900966" lon="-114.113834">
        <ele>1113.75</ele>
        <extensions>
          <gpxtpx:TrackPointExtension>
            <gpxtpx:Extensions>
              <reversedirection>yes</reversedirection>
              <highway>residential</highway>
            </gpxtpx:Extensions>
          </gpxtpx:TrackPointExtension>
        </extensions>
      </trkpt>
      <trkpt lat="50.900891" lon="-114.113835">
        <ele>1113.5</ele>
        <extensions>
          <gpxtpx:TrackPointExtension>
            <gpxtpx:Extensions>
              <reversedirection>yes</reversedirection>
              <highway>residential</highway>
            </gpxtpx:Extensions>
          </gpxtpx:TrackPointExtension>
        </extensions>
      </trkpt>
      <trkpt lat="50.899838" lon="-114.113829">
        <ele>1113</ele>
        <extensions>
          <gpxtpx:TrackPointExtension>
            <gpxtpx:Extensions>
              <reversedirection>yes</reversedirection>
              <highway>residential</highway>
            </gpxtpx:Extensions>
          </gpxtpx:TrackPointExtension>
        </extensions>
      </trkpt>
      <trkpt lat="50.899838" lon="-114.114097">
        <ele>1113</ele>
        <extensions>
          <gpxtpx:TrackPointExtension>
            <gpxtpx:Extensions>
              <reversedirection>yes</reversedirection>
              <highway>residential</highway>
            </gpxtpx:Extensions>
          </gpxtpx:TrackPointExtension>
        </extensions>
      </trkpt>
      <trkpt lat="50.899787" lon="-114.114096">
        <ele>1113</ele>
        <extensions>
          <gpxtpx:TrackPointExtension>
            <gpxtpx:Extensions>
              <highway>path</highway>
              <surface>asphalt</surface>
              <foot>designated</foot>
              <bicycle>designated</bicycle>
              <segregated>no</segregated>
            </gpxtpx:Extensions>
          </gpxtpx:TrackPointExtension>
        </extensions>
      </trkpt>
      <trkpt lat="50.899034" lon="-114.114092">
        <ele>1113.75</ele>
        <extensions>
          <gpxtpx:TrackPointExtension>
            <gpxtpx:Extensions>
              <highway>path</highway>
              <surface>asphalt</surface>
              <foot>designated</foot>
              <bicycle>designated</bicycle>
              <segregated>no</segregated>
            </gpxtpx:Extensions>
          </gpxtpx:TrackPointExtension>
        </extensions>
      </trkpt>
      <trkpt lat="50.898995" lon="-114.114096">
        <ele>1113.5</ele>
        <extensions>
          <gpxtpx:TrackPointExtension>
            <gpxtpx:Extensions>
              <highway>footway</highway>
              <surface>asphalt</surface>
              <foot>yes</foot>
              <bicycle>dismount</bicycle>
              <footway>crossing</footway>
            </gpxtpx:Extensions>
          </gpxtpx:TrackPointExtension>
        </extensions>
      </trkpt>
      <trkpt lat="50.898934" lon="-114.114104">
        <ele>1113.5</ele>
        <extensions>
          <gpxtpx:TrackPointExtension>
            <gpxtpx:Extensions>
              <highway>footway</highway>
              <surface>asphalt</surface>
              <foot>yes</foot>
              <bicycle>dismount</bicycle>
              <footway>crossing</footway>
            </gpxtpx:Extensions>
          </gpxtpx:TrackPointExtension>
        </extensions>
      </trkpt>
      <trkpt lat="50.898877" lon="-114.11418">
        <ele>1113.5</ele>
        <extensions>
          <gpxtpx:TrackPointExtension>
            <gpxtpx:Extensions>
              <highway>path</highway>
              <surface>asphalt</surface>
              <foot>designated</foot>
              <bicycle>designated</bicycle>
              <segregated>no</segregated>
            </gpxtpx:Extensions>
          </gpxtpx:TrackPointExtension>
        </extensions>
      </trkpt>
      <trkpt lat="50.898829" lon="-114.114228">
        <ele>1113.5</ele>
        <extensions>
          <gpxtpx:TrackPointExtension>
            <gpxtpx:Extensions>
              <highway>path</highway>
              <surface>asphalt</surface>
              <foot>designated</foot>
              <bicycle>designated</bicycle>
              <segregated>no</segregated>
            </gpxtpx:Extensions>
          </gpxtpx:TrackPointExtension>
        </extensions>
      </trkpt>
      <trkpt lat="50.89872" lon="-114.114296">
        <ele>1113.5</ele>
        <extensions>
          <gpxtpx:TrackPointExtension>
            <gpxtpx:Extensions>
              <highway>path</highway>
              <surface>asphalt</surface>
              <foot>designated</foot>
              <bicycle>designated</bicycle>
              <segregated>no</segregated>
            </gpxtpx:Extensions>
          </gpxtpx:TrackPointExtension>
        </extensions>
      </trkpt>
      <trkpt lat="50.898687" lon="-114.114297">
        <ele>1113.5</ele>
        <extensions>
          <gpxtpx:TrackPointExtension>
            <gpxtpx:Extensions>
              <highway>path</highway>
              <surface>asphalt</surface>
              <foot>designated</foot>
              <bicycle>designated</bicycle>
              <segregated>no</segregated>
            </gpxtpx:Extensions>
          </gpxtpx:TrackPointExtension>
        </extensions>
      </trkpt>
      <trkpt lat="50.89856" lon="-114.114219">
        <ele>1113.25</ele>
        <extensions>
          <gpxtpx:TrackPointExtension>
            <gpxtpx:Extensions>
              <highway>path</highway>
              <surface>asphalt</surface>
              <foot>designated</foot>
              <bicycle>designated</bicycle>
              <segregated>no</segregated>
            </gpxtpx:Extensions>
          </gpxtpx:TrackPointExtension>
        </extensions>
      </trkpt>
      <trkpt lat="50.89841" lon="-114.114153">
        <ele>1113</ele>
        <extensions>
          <gpxtpx:TrackPointExtension>
            <gpxtpx:Extensions>
              <highway>path</highway>
              <surface>asphalt</surface>
              <foot>designated</foot>
              <bicycle>designated</bicycle>
              <segregated>no</segregated>
            </gpxtpx:Extensions>
          </gpxtpx:TrackPointExtension>
        </extensions>
      </trkpt>
      <trkpt lat="50.898371" lon="-114.114153">
        <ele>1113</ele>
        <extensions>
          <gpxtpx:TrackPointExtension>
            <gpxtpx:Extensions>
              <highway>path</highway>
              <surface>asphalt</surface>
              <foot>designated</foot>
              <bicycle>designated</bicycle>
              <segregated>no</segregated>
            </gpxtpx:Extensions>
          </gpxtpx:TrackPointExtension>
        </extensions>
      </trkpt>
      <trkpt lat="50.89833" lon="-114.114183">
        <ele>1113</ele>
        <extensions>
          <gpxtpx:TrackPointExtension>
            <gpxtpx:Extensions>
              <highway>path</highway>
              <surface>asphalt</surface>
              <foot>designated</foot>
              <bicycle>designated</bicycle>
              <segregated>no</segregated>
            </gpxtpx:Extensions>
          </gpxtpx:TrackPointExtension>
        </extensions>
      </trkpt>
      <trkpt lat="50.898275" lon="-114.114323">
        <ele>1113.25</ele>
        <extensions>
          <gpxtpx:TrackPointExtension>
            <gpxtpx:Extensions>
              <highway>path</highway>
              <surface>asphalt</surface>
              <foot>designated</foot>
              <bicycle>designated</bicycle>
              <segregated>no</segregated>
            </gpxtpx:Extensions>
          </gpxtpx:TrackPointExtension>
        </extensions>
      </trkpt>
      <trkpt lat="50.898313" lon="-114.11442">
        <ele>1113.25</ele>
        <extensions>
          <gpxtpx:TrackPointExtension>
            <gpxtpx:Extensions>
              <highway>path</highway>
              <surface>asphalt</surface>
              <foot>designated</foot>
              <bicycle>designated</bicycle>
              <segregated>no</segregated>
            </gpxtpx:Extensions>
          </gpxtpx:TrackPointExtension>
        </extensions>
      </trkpt>
      <trkpt lat="50.89832" lon="-114.114464">
        <ele>1113.25</ele>
        <extensions>
          <gpxtpx:TrackPointExtension>
            <gpxtpx:Extensions>
              <highway>path</highway>
              <surface>asphalt</surface>
              <foot>designated</foot>
              <bicycle>designated</bicycle>
              <segregated>no</segregated>
            </gpxtpx:Extensions>
          </gpxtpx:TrackPointExtension>
        </extensions>
      </trkpt>
      <trkpt lat="50.898317" lon="-114.114524">
        <ele>1113.25</ele>
        <extensions>
          <gpxtpx:TrackPointExtension>
            <gpxtpx:Extensions>
              <highway>path</highway>
              <surface>asphalt</surface>
              <foot>designated</foot>
              <bicycle>designated</bicycle>
              <segregated>no</segregated>
            </gpxtpx:Extensions>
          </gpxtpx:TrackPointExtension>
        </extensions>
      </trkpt>
      <trkpt lat="50.898283" lon="-114.114604">
        <ele>1113.5</ele>
        <extensions>
          <gpxtpx:TrackPointExtension>
            <gpxtpx:Extensions>
              <highway>path</highway>
              <surface>asphalt</surface>
              <foot>designated</foot>
              <bicycle>designated</bicycle>
              <segregated>no</segregated>
            </gpxtpx:Extensions>
          </gpxtpx:TrackPointExtension>
        </extensions>
      </trkpt>
      <trkpt lat="50.898239" lon="-114.114626">
        <ele>1113.5</ele>
        <extensions>
          <gpxtpx:TrackPointExtension>
            <gpxtpx:Extensions>
              <highway>path</highway>
              <surface>asphalt</surface>
              <foot>designated</foot>
              <bicycle>designated</bicycle>
              <segregated>no</segregated>
            </gpxtpx:Extensions>
          </gpxtpx:TrackPointExtension>
        </extensions>
      </trkpt>
      <trkpt lat="50.898233" lon="-114.114626">
        <ele>1113.5</ele>
        <extensions>
          <gpxtpx:TrackPointExtension>
            <gpxtpx:Extensions>
              <reversedirection>yes</reversedirection>
              <highway>footway</highway>
              <footway>crossing</footway>
            </gpxtpx:Extensions>
          </gpxtpx:TrackPointExtension>
        </extensions>
      </trkpt>
    </trkseg>
  </trk>
</gpx>
